duration_minutes,cast_count,has_superstars,explosions_count,music_style,director_fame,dialogue_density,has_romantic_scene,humor_level,violence_level,is_comedy,is_action,is_romance
131,3,0,4,pop,low,5.39,0,5.98,8.08,0,1,0
172,9,0,0,electronic,low,2.88,1,3.68,1.91,0,0,0
94,12,0,2,pop,medium,3.17,1,7.05,8.47,1,1,1
151,14,1,2,acoustic,medium,2.64,1,7.41,0.58,1,0,0
140,18,1,0,jazz,medium,4.54,0,6.97,0.06,0,0,0
100,9,1,2,orchestral,low,5.6,1,9.37,1.58,1,0,1
162,19,1,1,electronic,low,3.73,1,2.37,9.79,0,1,1
166,19,0,1,pop,medium,1.39,1,1.89,5.24,0,0,0
154,15,1,4,jazz,medium,2.12,1,6.1,0.47,0,0,0
154,16,1,3,pop,low,4.16,1,5.95,9.97,0,1,1
167,7,1,1,jazz,medium,1.86,1,5.1,7.45,0,1,0
179,12,1,0,acoustic,low,2.4,0,0.04,8.38,0,1,0
103,14,0,0,pop,low,2.36,1,5.55,2.13,0,0,0
82,2,1,0,acoustic,low,2.92,1,9.33,1.05,1,0,0
101,7,0,2,electronic,high,3.26,0,3.35,5.15,0,0,0
132,10,0,2,acoustic,medium,1.11,0,9.68,7.72,1,0,0
81,9,0,5,jazz,low,1.47,0,3.57,6.38,0,0,0
167,12,1,1,electronic,medium,1.5,1,1.4,6.31,0,0,0
109,20,1,0,pop,high,1.62,0,3.98,7.57,0,1,0
117,10,1,1,pop,medium,3.02,1,4.95,2.27,0,0,1
81,18,1,2,jazz,high,3.19,1,6.29,6.62,0,0,1
143,13,0,1,orchestral,low,4.01,1,5.05,3.92,0,0,1
139,15,1,3,orchestral,high,3.55,0,5.37,0.7,0,0,0
100,16,0,2,pop,medium,2.42,0,0.24,2.02,0,0,0
112,17,0,1,jazz,low,3.23,0,2.54,7.94,0,1,0
155,2,0,3,orchestral,medium,4.05,0,3.11,8.96,0,1,0
137,11,1,0,acoustic,high,2.77,1,9.87,2.83,1,0,0
101,9,1,0,pop,medium,2.69,1,2.96,1.9,0,0,0
168,19,0,1,acoustic,medium,2.06,0,8.97,0.27,1,0,0
128,2,0,4,jazz,low,2.2,1,3.05,9.48,0,1,0
170,3,1,2,acoustic,medium,3.69,0,0.96,6.84,0,0,0
138,2,0,0,orchestral,low,3.0,0,2.48,9.57,0,0,0
121,2,1,1,orchestral,low,4.96,1,2.73,8.64,0,1,1
171,10,1,1,electronic,medium,2.32,0,9.78,3.4,1,0,0
139,14,0,2,pop,high,3.76,1,6.74,1.13,0,0,1
159,2,0,3,jazz,medium,3.39,1,9.32,4.99,1,0,0
94,14,1,3,pop,low,2.91,1,8.35,0.27,1,0,0
141,8,1,3,acoustic,medium,2.56,0,5.79,1.5,0,0,0
141,3,0,1,jazz,high,3.6,0,6.75,2.33,0,0,0
126,7,1,1,jazz,medium,3.54,0,6.25,6.66,0,0,0
141,8,0,1,orchestral,medium,3.2,1,6.66,5.1,0,0,1
130,15,0,0,acoustic,high,3.43,0,2.65,3.02,0,0,0
134,19,1,2,orchestral,medium,3.04,0,4.08,5.65,0,0,0
143,16,1,1,orchestral,low,1.36,1,5.93,1.25,0,0,0
82,3,0,3,electronic,low,3.08,1,0.36,7.56,0,1,0
180,11,1,2,orchestral,high,2.73,1,4.83,7.12,0,1,0
130,13,0,1,pop,medium,4.95,1,8.6,2.17,1,0,1
86,18,0,1,jazz,low,3.63,0,4.92,6.06,0,0,0
100,9,0,2,orchestral,medium,3.2,0,5.52,5.03,0,0,0
152,12,1,0,pop,medium,3.46,0,2.02,0.61,0,0,0
118,4,0,3,acoustic,high,1.98,0,7.94,2.78,1,0,0
97,7,0,1,jazz,low,2.39,1,3.59,9.99,0,1,0
83,10,0,0,acoustic,medium,2.67,0,9.57,1.0,1,0,0
168,7,1,0,pop,high,3.39,1,9.94,5.06,1,0,1
139,10,1,1,acoustic,low,2.57,0,9.16,8.49,0,1,0
93,8,1,0,acoustic,low,2.5,0,0.85,3.01,0,0,0
88,10,0,2,acoustic,high,1.93,1,3.33,2.61,0,0,0
169,19,1,1,orchestral,medium,3.03,0,9.45,8.91,1,1,0
132,13,0,0,orchestral,medium,3.17,1,8.05,3.05,1,0,1
81,9,1,0,orchestral,medium,3.43,1,9.11,6.51,0,0,1
163,9,1,1,jazz,low,2.3,1,5.73,7.4,0,1,0
171,19,0,0,pop,high,3.37,0,4.8,7.89,0,1,0
139,16,1,2,orchestral,low,1.96,1,1.06,9.95,0,1,0
150,8,0,1,acoustic,low,2.78,0,8.39,8.03,1,1,0
123,12,0,2,acoustic,low,3.3,1,7.45,6.57,1,0,1
87,17,0,1,acoustic,low,2.74,0,0.59,8.95,0,1,0
126,5,0,0,acoustic,high,1.44,0,2.09,9.06,0,1,0
114,7,0,1,electronic,medium,1.56,1,5.57,9.73,0,1,0
157,4,1,6,jazz,high,3.22,0,6.84,7.76,0,1,0
160,10,0,2,pop,medium,3.58,1,1.38,1.95,0,0,1
115,11,1,1,pop,medium,3.34,0,2.45,7.1,0,1,0
129,15,0,2,orchestral,medium,3.6,1,1.93,0.75,0,0,1
83,12,0,3,electronic,high,2.72,1,2.2,3.18,0,0,0
81,19,1,1,pop,medium,3.74,0,9.21,1.16,1,0,0
85,13,0,3,jazz,low,3.34,1,7.16,9.5,1,1,1
133,13,0,0,acoustic,low,2.36,1,7.37,3.39,1,0,0
83,14,1,2,orchestral,low,3.51,1,7.94,7.13,1,1,1
133,14,0,0,jazz,medium,3.3,0,3.57,5.71,0,0,0
172,20,0,3,pop,high,4.67,1,7.67,1.08,1,0,1
142,20,0,2,electronic,low,4.38,0,9.78,5.61,1,0,0
97,15,1,4,orchestral,low,2.91,0,6.98,6.61,0,0,0
169,5,1,1,pop,low,2.58,0,4.17,8.82,0,1,0
123,14,1,3,orchestral,medium,4.56,1,7.16,0.7,1,0,1
113,9,1,0,pop,low,3.55,1,9.01,2.96,1,0,1
153,20,0,2,acoustic,low,2.83,0,1.29,6.92,0,0,0
141,13,0,1,electronic,low,1.01,1,2.65,0.34,0,0,0
179,19,1,1,acoustic,medium,2.24,1,9.19,2.04,1,0,0
93,7,0,0,pop,medium,2.17,0,9.46,2.19,0,0,0
174,19,0,1,jazz,medium,2.85,1,4.84,6.69,0,0,0
127,20,0,0,acoustic,low,3.62,0,3.75,2.86,0,0,0
94,6,0,0,jazz,medium,3.77,0,2.83,6.0,0,0,0
151,10,1,2,pop,low,4.5,0,4.99,9.65,0,1,0
157,4,0,0,electronic,low,3.93,1,9.35,7.93,1,1,0
166,11,0,0,jazz,medium,1.7,1,1.5,3.33,0,0,0
141,20,0,3,pop,low,4.03,0,4.2,4.72,0,0,0
119,4,1,2,jazz,medium,4.73,0,9.12,2.01,1,0,0
164,16,0,1,acoustic,low,4.68,0,3.49,0.16,0,0,0
159,2,0,4,pop,low,1.79,1,7.68,2.9,1,0,0
161,8,1,2,acoustic,high,2.81,1,3.89,3.69,0,0,0
132,13,1,3,orchestral,medium,3.96,1,8.05,5.64,1,0,0
103,18,0,2,pop,medium,1.84,1,9.81,9.44,1,1,0
105,6,0,1,jazz,high,1.28,1,3.88,9.48,0,1,0
168,5,0,2,orchestral,medium,3.31,1,8.45,0.7,1,0,0
139,13,0,3,acoustic,medium,2.32,0,9.88,6.15,1,0,0
120,19,0,2,acoustic,medium,1.37,1,9.84,0.42,1,0,0
108,18,0,1,jazz,low,4.23,0,4.34,6.48,0,0,0
94,20,0,2,orchestral,low,3.16,0,4.86,1.18,0,0,0
124,10,0,2,electronic,medium,2.48,0,3.03,9.46,0,1,0
144,5,1,1,jazz,low,2.04,1,3.14,8.64,0,1,0
168,3,1,1,acoustic,low,3.17,1,4.92,0.22,0,0,1
150,5,1,0,pop,low,3.52,1,2.01,7.82,0,1,1
88,3,0,1,orchestral,low,3.33,0,7.11,6.36,1,0,0
167,16,0,0,electronic,low,1.48,1,5.36,4.95,0,0,0
80,3,1,2,pop,low,3.48,0,8.98,6.03,1,0,0
87,5,0,2,orchestral,low,3.69,1,8.11,6.78,1,0,1
167,7,0,2,jazz,low,2.66,0,3.22,8.84,0,1,0
142,8,0,0,jazz,medium,4.04,1,5.06,7.67,0,1,0
90,11,1,2,orchestral,low,2.15,1,7.51,5.75,1,0,0
160,20,1,2,electronic,high,4.29,1,1.93,8.25,0,1,0
87,20,0,3,orchestral,high,3.13,1,0.32,9.87,0,1,1
114,13,0,3,pop,medium,2.5,1,8.52,3.0,1,0,0
114,4,1,3,pop,medium,2.68,0,1.38,1.18,0,0,0
112,14,0,2,jazz,low,4.0,1,8.89,7.31,1,1,1
84,19,1,2,orchestral,low,3.24,0,9.14,9.79,0,1,0
120,9,1,0,jazz,high,3.65,0,4.61,1.17,0,0,0
107,16,1,2,electronic,low,4.07,0,8.07,4.32,0,0,0
86,2,0,2,pop,high,2.47,1,3.63,0.62,0,0,0
152,4,0,2,acoustic,medium,3.13,0,8.58,7.77,1,1,0
151,9,0,0,acoustic,low,2.78,0,8.25,9.49,1,1,0
91,5,1,0,orchestral,medium,4.02,1,0.79,4.99,0,0,0
113,17,1,2,orchestral,medium,2.62,1,5.83,4.1,0,0,0
112,11,0,1,acoustic,low,3.05,0,6.4,9.08,0,0,0
127,13,0,2,orchestral,low,5.3,1,0.01,1.33,0,0,1
102,15,1,2,pop,medium,4.29,0,9.8,8.92,1,1,0
141,15,1,4,electronic,medium,1.96,1,4.07,3.92,0,0,0
167,3,1,0,electronic,low,3.9,1,5.17,5.59,0,0,1
116,6,0,1,jazz,low,3.69,1,1.95,5.28,0,0,0
178,6,0,0,pop,high,1.9,1,6.11,6.16,0,0,0
123,7,1,0,orchestral,medium,2.89,0,8.11,9.42,1,0,0
165,14,1,0,orchestral,medium,2.05,0,5.86,9.51,0,1,0
170,10,0,1,jazz,high,0.61,1,7.88,8.31,1,1,0
114,16,0,2,jazz,low,2.85,0,7.31,1.92,0,0,0
144,15,0,0,orchestral,medium,2.49,1,2.38,3.34,0,0,0
178,8,0,1,orchestral,high,1.9,0,4.36,4.88,0,0,0
180,3,0,3,pop,medium,2.99,0,1.49,9.05,0,1,0
126,8,1,1,jazz,low,0.88,1,0.42,5.21,0,0,0
157,7,0,3,pop,low,3.04,0,0.63,9.77,0,1,0
82,18,1,3,orchestral,medium,3.02,0,9.42,9.84,0,1,0
80,3,0,2,acoustic,low,3.68,0,9.85,5.99,1,0,0
84,4,1,1,acoustic,high,1.4,1,0.95,8.77,0,1,0
169,6,1,1,orchestral,low,5.14,0,3.35,9.99,0,1,0
93,6,0,1,jazz,low,4.76,0,1.14,8.5,0,1,0
106,2,0,1,acoustic,low,2.23,0,8.34,6.57,1,0,0
88,9,0,0,jazz,medium,4.46,0,4.96,8.45,0,1,0
158,13,0,2,acoustic,high,3.86,0,6.21,0.83,0,0,0
94,5,1,1,jazz,medium,2.56,1,5.4,6.35,0,0,0
169,14,1,3,acoustic,high,2.39,1,7.1,2.17,1,0,0
121,16,0,2,jazz,low,2.47,0,3.19,1.16,0,0,0
156,12,0,2,pop,low,5.83,1,1.37,8.93,0,0,1
130,11,0,0,jazz,high,4.36,1,0.18,6.4,0,0,0
142,4,1,2,pop,high,2.8,0,4.46,2.44,0,0,0
175,15,0,1,pop,high,2.88,0,9.08,3.87,1,0,0
131,17,0,3,orchestral,medium,3.85,1,3.05,9.73,0,0,1
175,11,1,2,pop,low,3.8,1,1.96,8.62,0,0,1
83,11,1,0,electronic,low,2.04,0,9.26,0.16,1,0,0
173,13,0,4,pop,high,3.3,0,1.05,9.8,0,1,0
180,10,1,2,jazz,low,2.45,0,0.52,3.69,0,0,0
102,2,0,3,pop,low,3.15,0,8.79,6.95,1,0,0
94,6,0,0,jazz,medium,2.95,1,7.01,7.13,1,1,0
122,9,1,1,jazz,low,4.02,1,4.22,9.12,0,1,1
108,12,1,2,electronic,high,2.73,1,7.52,8.85,1,1,0
115,13,0,2,pop,low,3.12,0,7.41,2.82,1,0,0
92,2,0,1,pop,medium,1.12,0,0.4,6.44,0,0,0
111,12,0,1,acoustic,medium,3.32,0,6.76,3.94,0,0,0
150,6,0,1,acoustic,medium,2.22,1,6.41,5.26,0,0,0
138,16,0,2,orchestral,medium,1.48,1,9.64,5.55,1,0,0
165,6,0,3,jazz,low,4.13,0,9.67,3.96,1,0,0
107,13,0,3,electronic,medium,2.96,0,3.78,4.64,0,0,0
145,6,1,1,acoustic,medium,0.92,1,5.9,2.08,0,0,0
121,18,1,1,pop,medium,2.22,1,1.41,6.08,0,0,0
124,18,1,1,orchestral,low,3.01,0,0.66,7.59,0,0,0
141,13,0,3,electronic,low,3.03,0,4.33,4.3,0,0,0
136,16,1,3,pop,low,2.5,0,6.9,9.78,0,1,0
85,16,1,2,pop,medium,0.5,1,5.68,0.57,0,0,0
107,7,1,1,jazz,low,2.45,1,4.3,5.89,0,0,0
107,13,1,0,jazz,high,4.07,1,8.18,5.84,1,0,1
123,19,1,1,acoustic,medium,4.4,1,7.94,0.36,1,0,1
163,15,0,1,acoustic,medium,2.39,1,7.32,2.25,1,0,0
109,3,0,1,pop,high,4.88,0,0.77,9.06,0,1,0
141,10,1,2,pop,low,1.38,0,7.96,5.45,1,0,0
154,6,1,3,acoustic,high,2.19,0,9.19,4.36,1,0,0
171,2,1,3,acoustic,medium,3.89,0,0.59,4.15,0,0,0
168,4,0,1,pop,high,3.73,1,4.02,8.88,0,1,0
141,7,0,2,electronic,high,2.99,1,9.88,3.67,1,0,0
176,6,0,1,pop,low,1.88,1,5.99,8.59,0,1,0
80,6,1,2,electronic,low,1.88,0,5.14,3.09,0,0,0
106,2,0,0,electronic,medium,2.27,0,1.77,5.32,0,0,0
141,18,0,1,pop,medium,1.92,0,5.65,1.44,0,0,0
156,20,0,0,orchestral,low,3.13,1,4.39,8.25,0,1,0
82,15,0,1,acoustic,low,2.91,0,1.27,7.36,0,1,0
149,13,1,1,jazz,low,1.84,0,4.64,5.3,0,0,0
151,11,1,1,pop,medium,2.65,0,1.64,0.26,0,0,0
106,19,1,0,electronic,high,0.5,1,7.31,4.81,1,0,0
88,12,0,2,pop,medium,3.34,1,9.74,2.25,1,0,1
141,3,1,1,acoustic,medium,3.72,1,4.7,4.13,0,0,1
116,19,0,3,electronic,low,2.09,1,6.32,8.56,0,1,0
176,8,1,0,jazz,low,2.21,1,4.31,7.7,0,1,0
130,16,0,1,jazz,medium,3.26,0,1.38,2.42,0,0,0
123,12,0,4,jazz,high,3.11,0,9.71,9.85,1,1,0
103,19,1,1,orchestral,low,3.77,1,1.3,9.03,0,1,1
158,13,1,0,electronic,medium,2.22,1,1.12,5.29,0,0,0
138,7,0,1,electronic,high,2.34,0,4.59,5.3,0,0,0
111,14,1,1,orchestral,high,2.78,0,6.59,9.01,0,1,0
175,17,0,2,electronic,low,1.93,1,3.55,6.36,0,0,0
167,19,0,2,orchestral,low,2.76,0,1.93,5.37,0,0,0
131,11,0,3,pop,low,1.95,1,8.19,7.49,1,0,0
141,9,0,3,acoustic,medium,3.42,0,3.63,2.35,0,0,0
137,19,0,2,jazz,high,2.06,0,1.94,8.78,0,1,0
131,2,0,1,orchestral,low,3.25,0,3.65,5.31,0,0,0
91,9,0,3,orchestral,low,4.46,1,2.15,6.03,0,0,1
118,7,1,1,orchestral,high,3.43,1,5.19,0.9,0,0,1
81,6,0,1,pop,medium,3.18,0,6.68,3.1,0,0,0
82,16,1,1,orchestral,high,1.64,1,8.0,4.27,0,0,0
180,16,0,1,acoustic,low,4.39,0,2.28,4.14,0,0,0
135,3,1,1,acoustic,medium,4.12,0,1.67,7.78,0,1,0
160,2,0,0,jazz,low,2.84,1,0.2,2.82,0,0,0
138,12,0,3,pop,low,2.62,0,2.28,1.82,0,0,0
81,11,0,3,acoustic,medium,2.19,1,0.24,5.83,0,0,0
81,19,0,3,electronic,low,4.79,1,3.45,6.15,0,0,1
171,19,0,2,electronic,low,3.78,1,1.46,1.22,0,0,1
133,18,1,1,electronic,high,2.24,1,5.8,0.02,0,0,0
166,9,1,1,orchestral,low,4.1,1,3.84,9.18,0,1,0
180,16,1,1,orchestral,medium,4.34,0,0.94,0.8,0,0,0
175,9,1,2,electronic,low,2.98,0,4.0,8.98,0,1,0
176,18,0,0,jazz,high,2.66,0,2.09,3.99,0,0,0
80,13,0,0,jazz,low,2.01,1,6.8,6.53,0,0,0
98,9,0,2,orchestral,medium,3.71,0,3.64,1.86,0,0,0
81,15,0,0,electronic,low,2.57,0,1.47,8.24,0,1,0
132,5,0,4,jazz,medium,2.53,1,3.5,1.8,0,0,0
123,2,0,0,orchestral,medium,2.99,1,2.24,3.87,0,0,0
169,2,0,0,electronic,low,2.18,1,7.96,2.38,1,0,0
111,20,0,1,pop,low,4.53,1,9.83,8.38,1,1,1
149,17,1,1,electronic,high,3.97,0,0.25,8.58,0,1,0
111,15,1,4,electronic,high,3.08,1,6.9,3.72,0,0,1
147,17,0,1,acoustic,low,2.15,0,2.64,3.07,0,0,0
134,6,1,1,acoustic,low,2.2,0,0.66,7.74,0,1,0
154,10,1,2,pop,low,2.16,1,0.14,8.79,0,1,0
135,3,0,1,pop,low,1.77,1,8.81,6.24,1,0,0
96,19,0,5,electronic,high,3.32,1,3.54,9.27,0,1,1
117,7,0,3,jazz,medium,2.36,1,9.95,3.83,1,0,0
103,10,1,4,pop,medium,2.3,1,4.42,1.52,0,0,0
148,2,1,2,electronic,high,2.19,0,1.88,1.8,0,0,0
177,10,0,1,orchestral,medium,4.0,1,7.77,6.7,0,0,1
149,17,0,1,acoustic,medium,2.24,1,9.26,4.08,1,0,0
165,14,0,2,jazz,low,4.27,1,8.16,1.56,1,0,0
90,10,0,1,electronic,low,2.71,0,7.45,2.92,0,0,0
95,14,0,2,orchestral,medium,1.75,0,3.35,5.31,0,0,0
176,10,1,2,acoustic,low,3.47,1,0.64,1.21,0,0,1
152,12,1,1,orchestral,low,3.89,0,2.01,0.03,0,0,0
138,5,1,1,electronic,low,2.14,1,4.47,9.17,0,1,0
149,3,1,1,pop,low,3.06,0,9.56,3.05,1,0,0
159,7,1,3,acoustic,medium,3.32,0,7.23,2.21,1,0,0
172,15,0,1,orchestral,medium,3.1,1,8.28,6.98,1,0,0
82,5,1,2,pop,low,2.54,0,2.77,8.53,0,1,0
99,7,0,3,jazz,low,3.88,1,6.84,6.32,0,0,1
138,20,1,1,electronic,medium,2.75,0,8.62,2.54,1,0,0
115,7,0,0,electronic,low,2.39,0,4.79,8.62,0,1,0
98,3,1,3,acoustic,medium,1.23,0,4.3,5.1,0,0,0
169,19,0,2,orchestral,medium,1.24,1,7.19,3.81,1,0,0
146,14,0,1,jazz,low,3.22,0,5.6,6.05,0,0,0
98,10,0,2,acoustic,medium,2.92,1,9.93,7.01,1,1,0
99,20,0,0,acoustic,medium,3.89,1,4.25,5.94,0,0,1
175,14,1,0,orchestral,low,4.13,1,1.76,9.2,0,1,1
150,12,1,0,jazz,low,2.75,1,4.72,6.28,0,0,0
131,2,0,2,orchestral,high,3.95,0,2.35,8.79,0,1,0
112,8,0,0,electronic,low,2.44,0,5.61,5.87,0,0,0
119,16,0,2,pop,high,2.85,1,1.26,3.3,0,0,0
118,2,0,1,electronic,medium,2.82,0,9.5,5.32,0,0,0
161,13,0,1,electronic,low,4.58,1,8.6,0.86,1,0,0
80,8,1,3,acoustic,low,1.72,1,1.56,2.3,0,0,0
90,16,0,1,electronic,medium,3.06,0,1.72,7.66,0,1,0
171,20,0,1,jazz,medium,2.3,1,5.12,6.61,0,0,0
136,2,0,0,electronic,medium,2.7,1,7.73,1.67,1,0,0
168,18,0,4,jazz,high,2.66,0,2.19,4.38,0,0,0
129,18,0,0,orchestral,high,3.07,1,0.61,1.42,0,0,1
102,4,1,4,acoustic,low,4.35,0,5.46,8.56,0,1,0
110,13,0,1,jazz,high,4.9,1,6.92,1.09,0,0,1
173,7,0,2,electronic,high,3.66,1,2.44,6.54,0,0,1
121,12,0,1,acoustic,high,2.02,1,7.4,6.07,1,0,0
178,4,0,1,acoustic,medium,2.83,1,9.51,4.73,1,0,0
86,9,0,1,jazz,medium,3.26,1,1.37,2.78,0,0,1
95,15,1,1,jazz,medium,2.59,1,5.11,4.04,0,0,0
169,15,1,1,pop,low,2.72,1,0.57,8.06,0,1,0
139,11,0,1,pop,high,2.93,1,2.07,7.62,0,1,0
81,3,0,0,acoustic,low,3.77,1,0.9,7.39,0,1,1
80,15,0,3,pop,low,3.53,1,4.04,7.5,0,1,0
127,10,0,1,electronic,high,2.39,1,8.21,1.44,1,0,0
91,4,1,0,orchestral,low,3.59,1,5.77,0.99,0,0,0
148,9,1,3,acoustic,high,4.72,1,2.23,8.61,0,0,1
116,17,0,1,orchestral,medium,1.49,0,0.4,8.37,0,1,0
111,3,0,2,pop,low,2.56,1,5.53,6.81,0,0,0
88,7,0,1,jazz,medium,2.49,1,1.33,6.06,0,0,0
178,13,1,2,acoustic,medium,3.08,1,3.43,3.67,0,0,1
98,6,1,1,pop,medium,1.18,0,5.1,2.24,0,0,0
127,3,0,2,electronic,high,4.36,1,9.04,6.68,1,0,1
159,17,0,4,acoustic,high,3.05,0,0.82,9.13,0,1,0
82,6,1,0,acoustic,low,3.3,0,6.69,4.37,0,0,0
99,16,0,1,jazz,low,3.18,1,0.14,3.03,0,0,1
103,13,0,0,acoustic,high,2.48,1,6.3,2.71,0,0,0
133,5,0,0,jazz,medium,3.7,0,5.52,0.24,0,0,0
112,16,1,2,pop,low,3.01,1,8.12,5.2,1,0,1
103,12,0,0,electronic,high,0.92,0,5.32,9.88,0,1,0
154,17,0,1,electronic,high,2.89,0,3.53,8.15,0,1,0
151,7,1,0,acoustic,medium,2.72,0,2.43,8.97,0,1,0
115,15,0,0,acoustic,medium,3.7,1,0.85,6.21,0,0,1
117,19,0,3,pop,medium,5.7,0,5.35,4.81,0,0,0
163,13,0,3,jazz,medium,3.38,0,8.88,9.9,1,1,0
178,12,0,1,electronic,high,5.12,1,5.15,4.47,0,0,1
168,14,1,3,jazz,high,2.31,0,7.39,9.17,1,1,0
178,12,0,1,pop,medium,2.38,1,2.98,7.62,0,1,0
104,17,0,5,electronic,medium,2.75,1,4.48,3.31,0,0,0
172,16,0,1,electronic,high,3.43,1,3.25,5.03,0,0,1
97,16,1,3,orchestral,low,2.36,0,1.09,3.84,0,0,0
161,5,1,1,pop,low,1.39,1,4.17,1.36,0,0,0
145,12,0,2,pop,high,3.02,1,7.64,3.57,0,0,1
133,20,0,1,orchestral,low,1.86,0,3.95,8.89,0,1,0
114,16,1,2,jazz,low,4.12,0,6.5,7.53,0,1,0
159,5,0,0,orchestral,low,3.64,0,7.59,2.78,0,0,0
140,14,1,2,pop,low,2.24,0,3.23,3.68,0,0,0
120,20,1,1,jazz,low,3.46,1,7.98,6.16,1,0,1
179,3,1,1,electronic,low,2.45,1,3.39,4.16,0,0,0
112,15,0,2,orchestral,high,2.95,0,2.56,5.03,0,0,0
147,5,0,1,jazz,medium,2.96,0,2.22,6.98,0,0,0
112,17,1,2,jazz,medium,2.66,1,2.0,4.67,0,0,0
93,15,0,0,jazz,low,3.83,0,7.37,1.91,0,0,0
100,16,0,0,orchestral,medium,1.88,1,8.88,5.21,1,0,0
127,4,1,2,electronic,medium,3.54,0,2.31,3.56,0,0,0
99,9,1,1,jazz,medium,3.3,1,0.85,2.91,0,0,1
87,17,0,1,orchestral,low,1.6,1,3.14,3.28,0,0,0
86,11,0,4,pop,medium,2.21,0,6.58,4.39,0,0,0
146,5,0,2,orchestral,high,1.91,0,3.69,8.87,0,1,0
96,19,1,1,orchestral,medium,2.63,1,5.49,7.34,0,1,0
112,3,1,1,orchestral,medium,3.05,1,7.44,6.68,1,0,1
127,18,0,1,jazz,medium,2.07,0,4.08,4.71,0,0,0
155,14,0,2,orchestral,medium,3.97,1,10.0,0.02,1,0,1
138,5,1,1,pop,medium,4.06,0,2.98,3.41,0,0,0
165,12,0,3,jazz,low,4.23,1,9.78,8.13,1,1,1
101,8,0,0,pop,medium,0.5,1,2.03,3.88,0,0,0
109,13,1,0,acoustic,high,4.95,0,1.11,5.64,0,0,0
117,11,0,4,orchestral,medium,3.17,0,7.51,2.05,1,0,0
130,8,1,2,jazz,low,3.05,0,7.02,9.16,1,1,0
133,14,0,2,jazz,low,2.9,1,8.11,9.23,1,1,0
87,8,0,1,orchestral,medium,1.68,0,3.44,1.46,0,0,0
106,18,1,3,electronic,high,3.36,0,9.31,7.24,1,1,0
106,11,0,3,electronic,medium,4.61,1,1.19,0.75,0,0,1
177,11,1,2,pop,medium,3.15,0,0.3,5.99,0,0,0
100,5,0,0,orchestral,low,1.88,1,3.01,1.79,0,0,0
109,5,0,0,orchestral,medium,1.47,0,7.97,1.46,1,0,0
176,8,0,0,acoustic,medium,2.71,0,6.73,0.04,0,0,0
107,2,0,1,electronic,high,2.26,0,4.36,9.41,0,1,0
143,13,0,0,electronic,low,3.7,1,2.56,8.29,0,1,1
176,14,0,2,orchestral,medium,4.37,1,0.59,0.77,0,0,1
148,11,0,0,pop,medium,3.47,1,3.38,5.99,0,0,1
140,16,0,4,orchestral,medium,2.91,0,4.6,2.33,0,0,0
127,14,1,0,pop,high,2.87,0,6.87,2.64,0,0,0
98,10,1,0,electronic,low,3.07,1,6.46,8.74,0,1,1
83,10,1,0,acoustic,low,1.84,0,9.47,1.14,1,0,0
114,16,0,2,jazz,medium,3.6,0,1.0,6.01,0,0,0
143,11,0,0,electronic,medium,1.92,0,3.36,4.01,0,0,0
128,11,1,2,pop,low,4.12,1,4.82,1.91,0,0,1
96,9,0,1,orchestral,medium,2.64,1,6.71,4.52,0,0,0
123,17,0,2,electronic,medium,3.83,0,4.95,9.4,0,1,0
171,18,1,1,acoustic,high,1.53,0,9.13,7.82,1,1,0
109,6,1,2,pop,low,3.82,1,6.09,1.32,0,0,1
172,5,0,3,orchestral,high,4.36,1,0.4,8.49,0,1,1
125,19,0,0,jazz,low,1.72,0,1.14,9.37,0,1,0
85,20,1,3,pop,low,2.89,1,7.53,2.77,1,0,0
178,5,0,3,orchestral,low,3.33,0,7.16,3.33,1,0,0
116,8,1,2,jazz,high,3.38,0,1.53,1.26,0,0,0
103,11,1,1,orchestral,low,2.66,0,0.59,3.45,0,0,0
172,19,1,1,jazz,medium,2.48,0,5.79,6.73,0,0,0
125,20,0,3,jazz,medium,3.25,0,6.36,2.72,0,0,0
132,5,0,2,jazz,high,3.35,1,1.35,0.07,0,0,0
174,11,1,1,orchestral,high,2.37,0,4.74,3.39,0,0,0
178,2,1,2,jazz,medium,2.17,0,3.06,4.53,0,0,0
139,19,1,0,pop,high,4.21,0,9.31,5.66,1,0,0
176,6,0,0,acoustic,medium,3.11,1,2.19,6.84,0,0,0
142,16,0,3,acoustic,high,0.73,1,7.33,0.62,1,0,0
164,18,1,1,jazz,low,4.22,0,5.18,4.7,0,0,0
111,4,1,2,acoustic,low,2.4,0,0.12,2.66,0,0,0
166,13,1,1,acoustic,medium,3.07,0,5.17,9.48,0,1,0
112,3,1,1,jazz,medium,3.37,0,0.99,3.6,0,0,0
146,2,0,1,jazz,medium,1.52,0,6.59,1.0,0,0,0
97,18,1,4,pop,medium,2.71,1,5.66,0.41,0,0,0
104,17,1,0,electronic,low,4.32,1,0.1,2.65,0,0,0
174,6,0,1,orchestral,medium,4.09,1,2.05,1.79,0,0,1
133,16,1,3,jazz,low,2.71,0,7.76,6.5,1,0,0
137,4,0,0,jazz,high,3.72,0,2.76,8.47,0,1,0
146,8,0,1,acoustic,high,3.85,1,4.99,3.13,0,0,1
125,12,1,1,pop,high,3.8,1,3.12,5.78,0,0,1
103,11,0,0,acoustic,low,1.85,0,9.22,7.3,1,0,0
111,10,0,3,jazz,medium,4.64,1,5.37,3.98,0,0,1
126,15,0,0,jazz,high,2.54,0,6.96,0.66,0,0,0
165,14,0,2,acoustic,high,3.11,0,0.83,2.29,0,0,0
102,3,0,0,jazz,medium,2.65,0,0.4,8.83,0,1,0
145,4,0,2,electronic,medium,3.23,1,2.59,8.24,0,1,1
106,8,1,1,orchestral,medium,2.14,0,3.09,0.87,0,0,0
81,19,0,3,orchestral,medium,2.77,1,6.88,2.24,0,0,0
169,4,0,3,orchestral,low,3.18,0,5.69,7.69,0,1,0
96,11,0,2,electronic,medium,4.22,0,3.75,4.86,0,0,0
112,8,1,3,jazz,high,4.1,1,6.54,7.6,0,1,1
88,10,0,2,acoustic,medium,4.15,0,1.64,2.11,0,0,0
122,18,1,1,pop,medium,3.87,0,0.63,9.53,0,0,0
127,12,1,0,jazz,medium,4.85,0,8.55,7.84,1,1,0
118,8,1,2,electronic,high,2.71,1,5.64,1.97,0,0,0
172,15,0,0,electronic,medium,2.84,1,6.49,5.58,0,0,0
121,20,1,1,orchestral,medium,2.8,0,3.07,1.13,0,0,0
105,5,0,0,jazz,medium,2.94,0,3.72,3.61,0,0,0
178,7,1,0,orchestral,medium,1.56,1,0.82,6.6,0,0,0
129,11,1,4,pop,medium,3.26,0,8.57,3.3,0,0,0
104,8,0,2,orchestral,medium,3.5,0,5.92,6.57,0,0,0
103,14,0,0,pop,medium,2.74,0,0.84,2.45,0,0,0
92,15,0,3,electronic,medium,1.24,1,8.05,7.21,1,1,0
139,5,1,0,orchestral,low,3.02,0,4.44,3.6,0,0,0
86,9,0,1,orchestral,low,1.71,1,7.65,7.9,1,1,0
136,6,0,2,acoustic,low,3.43,1,0.13,1.37,0,0,1
115,2,0,2,electronic,high,3.12,1,0.29,3.62,0,0,1
124,5,1,1,acoustic,low,3.22,1,1.71,4.64,0,0,1
99,4,1,4,pop,low,1.94,0,2.11,4.24,0,0,0
144,10,1,1,pop,low,4.26,1,7.64,4.33,0,0,1
87,9,1,2,electronic,medium,3.17,1,7.07,4.45,0,0,1
95,2,0,3,pop,low,2.09,0,6.16,9.89,0,1,0
93,7,0,0,electronic,medium,3.58,0,8.85,1.93,1,0,0
155,10,1,2,pop,low,3.1,0,2.47,7.69,0,1,0
166,8,0,1,jazz,high,4.84,1,9.04,5.52,1,0,0
94,5,0,1,orchestral,high,2.45,0,9.09,4.14,1,0,0
171,14,0,1,jazz,high,1.75,0,4.34,6.34,0,0,0
177,18,0,1,electronic,medium,3.29,1,0.94,8.54,0,1,1
145,3,0,2,electronic,medium,4.01,1,7.27,4.67,1,0,1
111,6,1,2,jazz,medium,5.32,0,3.37,8.65,0,1,0
166,13,0,1,orchestral,low,6.42,1,7.95,0.94,1,0,1
142,9,0,2,orchestral,medium,1.45,1,1.64,6.53,0,0,0
165,7,0,3,acoustic,low,2.86,0,5.4,3.33,0,0,0
130,9,1,2,pop,medium,1.76,1,5.08,3.87,0,0,0
104,19,0,2,acoustic,low,2.75,1,1.0,5.71,0,0,0
137,4,1,3,orchestral,medium,5.48,1,3.63,4.8,0,0,1
142,13,1,1,jazz,medium,2.18,1,0.85,3.82,0,0,0
141,4,0,1,pop,medium,2.98,1,4.65,3.08,0,0,0
101,7,1,2,jazz,high,2.42,0,8.43,6.18,1,0,0
137,3,1,0,acoustic,medium,2.0,0,2.7,5.06,0,0,0
137,13,1,2,electronic,medium,4.79,0,7.65,3.23,1,0,0
165,3,1,0,jazz,medium,1.46,0,1.83,2.05,0,0,0
128,7,0,1,acoustic,low,2.92,1,6.74,7.74,0,1,0
131,18,0,0,acoustic,medium,3.09,0,9.16,8.0,1,1,0
121,4,0,1,acoustic,high,2.97,0,3.24,2.14,0,0,0
149,3,0,1,electronic,high,2.68,0,9.0,2.62,1,0,0
94,9,1,2,electronic,medium,4.61,0,5.05,2.39,0,0,0
133,13,0,1,electronic,low,0.89,0,3.17,8.85,0,1,0
139,5,1,2,pop,low,3.44,0,8.97,7.74,1,1,0
180,6,1,1,electronic,medium,3.48,1,0.32,0.75,0,0,1
176,14,1,2,electronic,high,3.29,0,0.28,8.33,0,1,0
87,16,1,1,electronic,medium,2.17,1,6.0,0.37,0,0,0
132,17,0,1,jazz,high,4.21,1,7.97,2.53,1,0,1
139,11,0,1,electronic,medium,4.15,1,7.52,9.19,1,1,1
84,17,0,2,pop,low,2.13,0,0.79,8.64,0,1,0
147,13,0,2,acoustic,low,1.8,1,9.5,7.81,1,1,0
85,18,0,0,jazz,low,1.61,1,7.03,4.58,1,0,0
175,17,0,1,orchestral,medium,3.23,0,9.49,3.21,1,0,0
173,13,1,0,electronic,low,3.05,0,3.29,8.82,0,1,0
126,9,0,4,acoustic,medium,2.64,0,6.94,6.57,0,0,0
178,4,0,1,acoustic,medium,5.08,1,8.6,2.96,0,0,0
134,17,1,2,jazz,low,2.54,1,3.8,4.63,0,0,0
119,14,0,1,orchestral,low,3.19,0,9.65,8.82,1,1,0
131,20,0,0,pop,low,2.81,0,2.65,9.03,0,0,0
95,9,1,0,acoustic,medium,4.96,1,3.16,6.59,0,0,1
92,6,1,4,acoustic,medium,1.01,1,9.2,7.33,1,0,0
109,9,1,0,acoustic,low,2.69,1,9.7,0.39,1,0,0
98,13,0,1,acoustic,high,3.61,1,2.85,6.05,0,0,1
96,2,1,2,jazz,medium,2.78,1,1.36,6.89,0,0,0
142,7,1,0,orchestral,medium,1.7,1,7.59,0.2,1,0,0
98,19,0,0,acoustic,medium,3.18,0,9.3,8.44,1,1,0
171,9,1,3,pop,high,1.38,0,6.01,9.28,0,1,0
137,8,1,1,pop,medium,3.67,1,6.35,2.38,0,0,1
134,2,0,0,electronic,medium,2.59,0,7.63,8.46,1,1,0
169,17,0,2,acoustic,low,2.42,0,1.53,6.66,0,0,0
180,13,1,2,acoustic,medium,4.05,1,9.73,5.81,1,0,1
169,7,1,3,acoustic,medium,2.0,1,3.64,8.43,0,1,0
141,3,0,0,acoustic,medium,1.46,1,6.28,2.86,0,0,0
102,15,1,0,acoustic,high,2.09,0,4.69,7.91,0,1,0
88,5,0,0,pop,high,5.05,1,4.68,3.15,0,0,1
91,2,0,2,orchestral,low,2.0,0,7.03,7.87,1,1,0
80,19,0,1,orchestral,low,3.37,1,9.95,4.51,1,0,1
137,14,1,1,electronic,low,3.84,0,6.59,1.17,0,0,0
80,3,1,1,pop,medium,2.06,0,7.94,3.82,1,0,0
113,10,0,1,acoustic,low,2.06,0,0.28,2.33,0,0,0
175,3,0,1,orchestral,low,3.18,1,8.1,1.01,1,0,1
127,10,0,0,jazz,low,3.23,0,3.0,1.1,0,0,0
168,2,1,0,jazz,low,4.35,1,1.27,7.8,0,1,1
80,12,1,1,jazz,low,2.23,0,1.13,8.81,0,1,0
95,4,1,3,acoustic,low,2.62,0,6.8,9.27,0,0,0
140,5,1,0,acoustic,medium,5.84,1,9.98,8.54,1,0,1
143,19,1,0,electronic,low,1.21,1,6.66,8.3,0,1,0
142,7,0,1,electronic,low,1.0,0,2.62,0.69,0,0,0
148,4,0,0,electronic,high,1.62,1,2.03,7.9,0,0,0
101,12,0,0,jazz,high,4.1,1,5.26,7.83,0,1,1
172,16,1,1,acoustic,low,2.56,1,0.65,1.31,0,0,0
146,6,1,2,jazz,low,2.56,1,3.99,6.62,0,0,0
155,11,0,0,electronic,medium,2.03,0,6.66,4.53,0,0,0
105,13,1,0,acoustic,low,3.92,0,9.68,9.0,1,1,0
95,16,0,5,pop,low,1.63,0,4.26,6.95,0,0,0
130,18,0,1,orchestral,low,2.42,0,2.0,9.51,0,1,0
180,11,1,0,orchestral,low,2.07,1,8.17,1.05,1,0,0
165,7,1,0,electronic,medium,0.5,0,7.44,0.41,1,0,0
136,19,1,3,jazz,high,2.52,0,8.6,9.74,1,1,0
108,14,0,0,pop,medium,2.94,1,2.15,0.8,0,0,0
157,4,0,2,acoustic,medium,2.22,1,4.05,3.86,0,0,0
171,11,1,1,jazz,medium,2.73,1,9.82,6.5,1,0,0
148,15,0,1,electronic,medium,2.76,1,1.58,8.8,0,0,0
126,7,0,1,jazz,medium,2.87,0,6.71,2.55,0,0,0
173,4,1,2,electronic,low,1.95,1,2.37,0.29,0,0,0
141,17,0,1,orchestral,medium,1.89,1,5.0,5.21,0,0,0
148,8,1,0,orchestral,high,3.05,0,8.01,4.71,1,0,0
155,15,1,2,jazz,low,1.52,0,4.89,3.07,0,0,0
95,10,0,1,pop,high,2.79,0,8.05,8.74,1,1,0
169,16,0,1,acoustic,medium,4.64,1,4.26,7.49,0,1,1
169,4,1,3,electronic,medium,2.96,0,9.99,8.58,0,1,0
127,3,1,2,acoustic,low,1.17,1,4.36,1.62,0,0,0
164,3,1,2,orchestral,medium,3.18,0,1.49,6.92,0,0,0
118,4,1,4,pop,high,3.82,0,4.02,9.75,0,1,0
179,19,1,3,pop,medium,2.2,0,7.43,6.12,1,0,0
112,15,1,0,acoustic,low,2.7,0,8.48,1.71,1,0,0
173,19,0,2,orchestral,low,2.12,0,4.6,9.96,0,1,0
180,11,0,1,acoustic,medium,2.54,0,5.94,5.28,0,0,0
102,3,0,1,jazz,medium,2.33,0,8.45,8.4,1,1,0
89,2,0,1,pop,medium,3.44,1,8.14,1.49,1,0,1
148,5,0,3,pop,high,4.66,1,6.58,6.66,0,0,1
179,15,0,0,jazz,medium,3.06,1,8.15,9.13,1,1,1
113,2,1,1,orchestral,medium,1.46,1,5.76,5.32,0,0,0
131,15,0,4,pop,low,5.53,1,0.05,2.89,0,0,1
174,17,0,1,electronic,low,3.58,1,0.41,1.27,0,0,1
89,15,0,2,electronic,medium,3.79,0,9.8,2.96,1,0,0
98,4,0,2,orchestral,high,2.94,1,1.45,3.55,0,0,0
137,4,0,1,jazz,medium,3.23,1,4.05,7.1,0,1,1
175,10,0,1,acoustic,medium,2.66,1,9.34,1.79,1,0,0
80,7,0,4,orchestral,low,3.9,1,1.95,1.06,0,0,1
148,14,1,2,acoustic,high,2.52,0,8.44,3.87,0,0,0
83,3,1,2,orchestral,high,3.49,1,8.18,4.59,1,0,1
95,9,1,2,electronic,medium,3.97,0,9.86,6.28,1,0,0
103,3,1,3,jazz,low,4.25,0,2.82,7.08,0,1,0
159,5,0,2,electronic,medium,4.03,0,3.15,8.89,0,1,0
81,16,1,1,jazz,high,1.98,0,9.03,2.89,1,0,0
171,5,1,2,acoustic,medium,4.57,0,2.34,5.29,0,0,0
111,14,0,1,orchestral,medium,3.66,0,5.48,3.66,0,0,0
170,13,1,2,pop,low,3.31,1,7.07,0.01,1,0,1
163,14,0,2,pop,low,3.42,0,2.72,5.79,0,0,0
103,15,1,2,jazz,low,2.84,1,9.38,8.16,1,1,0
91,19,1,2,jazz,high,2.53,1,6.66,0.36,0,0,0
129,7,0,2,electronic,medium,2.63,1,0.47,0.03,0,0,0
114,12,1,1,pop,medium,4.29,0,1.36,7.28,0,0,0
112,3,1,0,electronic,low,3.08,1,1.91,6.84,0,0,1
112,20,1,2,acoustic,high,3.28,0,2.45,4.06,0,0,0
140,20,0,0,pop,high,3.06,0,7.31,6.62,1,0,0
130,6,1,0,acoustic,low,2.33,1,0.89,9.53,0,1,0
122,20,0,2,orchestral,high,0.85,1,3.51,2.48,0,0,0
180,3,0,1,electronic,low,3.77,1,9.11,2.46,1,0,0
91,11,0,0,jazz,low,3.66,0,5.57,1.86,0,0,0
146,3,1,0,pop,low,2.99,0,2.65,7.24,0,1,0
144,12,1,1,electronic,high,1.91,0,9.57,3.53,0,0,0
112,19,1,1,jazz,high,4.82,1,2.44,9.89,0,1,1
119,16,1,3,orchestral,low,2.66,0,9.05,7.15,1,1,0
153,10,0,2,pop,medium,3.25,1,7.26,3.67,1,0,1
122,20,0,1,acoustic,medium,2.3,0,7.41,1.49,1,0,0
123,10,0,1,orchestral,high,1.65,0,7.65,5.92,1,0,0
108,4,0,4,jazz,low,3.59,0,5.07,2.95,0,0,0
92,10,0,2,pop,medium,1.5,0,8.15,9.06,1,1,0
91,15,0,1,pop,medium,3.23,1,8.36,4.41,1,0,1
174,20,0,1,orchestral,low,3.23,1,3.6,2.93,0,0,1
125,8,0,1,pop,low,1.88,0,4.0,5.89,0,0,0
81,17,0,0,jazz,medium,1.7,0,8.89,1.37,1,0,0
114,17,0,3,orchestral,low,2.23,1,5.25,5.62,0,0,0
166,2,1,2,acoustic,high,2.37,1,8.67,0.56,1,0,0
160,5,1,0,orchestral,low,1.47,1,6.27,6.07,0,0,0
169,5,1,5,orchestral,high,1.87,0,5.94,5.3,0,0,0
87,8,0,0,acoustic,low,3.08,0,0.31,5.21,0,0,0
172,9,0,1,jazz,low,4.99,0,2.78,6.84,0,0,0
105,18,1,3,electronic,low,4.01,0,5.02,0.44,0,0,0
153,6,0,1,electronic,medium,3.16,1,5.87,4.6,0,0,1
169,8,0,2,acoustic,medium,4.13,0,6.3,4.44,0,0,0
113,5,0,2,jazz,low,4.16,1,7.16,4.6,1,0,1
86,7,0,1,pop,low,2.7,0,6.56,9.8,0,1,0
147,8,0,3,acoustic,medium,3.26,1,8.49,1.39,0,0,1
137,19,0,1,electronic,medium,3.98,0,2.95,6.9,0,0,0
154,6,1,2,jazz,medium,4.11,0,6.42,4.02,0,0,0
108,4,0,2,orchestral,low,4.12,1,0.51,5.12,0,0,1
115,8,0,2,jazz,medium,1.97,0,4.8,7.62,0,1,0
168,15,1,0,jazz,medium,4.18,0,2.68,1.57,0,0,0
100,8,0,1,electronic,high,4.86,0,3.81,7.64,0,0,0
115,6,0,4,electronic,medium,4.49,1,3.55,0.7,0,0,1
89,6,1,0,pop,low,1.91,1,0.6,4.83,0,0,0
180,3,0,1,pop,low,1.66,1,4.67,7.42,0,1,0
152,7,0,0,acoustic,medium,3.47,1,9.95,1.93,1,0,1
103,16,0,2,orchestral,medium,4.47,1,2.99,7.71,0,1,1
143,11,0,4,pop,high,3.23,1,7.36,1.67,1,0,1
178,8,0,3,electronic,medium,2.77,1,5.48,7.99,0,0,0
128,6,1,0,jazz,medium,2.91,1,3.25,4.69,0,0,0
178,2,0,1,acoustic,medium,4.02,0,0.9,6.85,0,0,0
115,14,0,0,pop,medium,2.68,1,2.16,9.17,0,1,0
161,19,0,1,jazz,low,3.48,1,7.82,4.08,1,0,1
175,14,0,3,jazz,low,2.87,0,2.79,2.33,0,0,0
103,19,1,0,pop,medium,2.11,0,1.44,8.67,0,1,0
102,6,0,3,orchestral,low,2.03,0,3.31,1.62,0,0,0
141,14,0,2,orchestral,low,3.53,0,5.84,6.31,0,0,0
175,5,0,2,acoustic,low,0.5,0,7.03,9.23,1,1,0
116,18,0,1,orchestral,low,3.48,0,3.87,6.74,0,0,0
91,4,0,2,acoustic,low,2.83,0,4.98,1.96,0,0,0
134,18,1,1,electronic,medium,3.95,1,4.55,1.52,0,0,1
92,12,0,1,pop,medium,3.6,0,0.09,2.52,0,0,0
102,5,0,6,jazz,medium,3.04,0,3.96,3.91,0,0,0
168,3,0,2,acoustic,medium,1.93,0,5.87,1.59,0,0,0
178,17,1,1,orchestral,high,1.99,1,5.7,7.98,0,1,0
109,19,0,2,acoustic,low,2.36,0,7.5,3.57,1,0,0
96,9,1,0,acoustic,medium,3.87,0,6.7,9.36,0,1,0
141,4,1,0,orchestral,low,4.77,1,2.77,8.42,0,1,1
163,10,1,2,orchestral,medium,3.33,0,2.56,9.09,0,1,0
168,7,0,2,pop,high,2.41,0,4.64,2.94,0,0,0
165,11,0,1,jazz,medium,2.51,0,7.33,5.74,1,0,0
92,11,1,0,pop,medium,2.56,1,0.94,3.21,0,0,0
138,14,1,1,pop,medium,4.04,1,9.48,2.57,0,0,1
98,18,1,1,orchestral,medium,2.54,1,5.43,6.07,0,0,0
128,10,0,0,orchestral,low,2.96,0,3.06,8.18,0,1,0
179,18,0,1,jazz,medium,4.34,1,6.93,0.94,0,0,1
91,10,0,0,acoustic,medium,2.43,0,0.45,2.76,0,0,0
140,10,1,1,pop,low,3.56,0,4.84,2.05,0,0,0
98,2,0,0,jazz,low,3.9,0,4.86,7.98,0,1,0
155,3,0,5,pop,high,3.06,1,1.62,9.33,0,1,1
88,17,1,4,acoustic,low,4.95,0,8.37,0.8,1,0,0
150,2,0,3,pop,low,4.67,1,7.97,3.79,0,0,1
107,11,1,1,electronic,medium,3.26,1,1.53,9.15,0,1,1
157,19,0,1,jazz,low,2.2,0,3.64,3.45,0,0,0
174,9,0,0,orchestral,medium,2.24,0,1.0,7.13,0,1,0
131,12,0,1,pop,medium,3.21,0,8.49,1.01,1,0,0
162,3,1,3,jazz,medium,1.91,0,3.23,4.44,0,0,0
95,9,0,2,jazz,low,3.27,0,4.39,5.03,0,0,0
148,9,0,0,pop,medium,4.69,1,3.24,7.58,0,1,1
178,18,1,1,orchestral,high,3.06,0,3.1,2.89,0,0,0
91,16,0,3,orchestral,low,2.98,1,7.47,2.64,1,0,0
104,18,0,2,pop,low,3.85,0,7.48,3.03,1,0,0
131,14,0,1,jazz,high,3.52,1,5.18,5.56,0,0,1
164,20,0,2,orchestral,low,1.85,1,6.58,8.76,0,1,0
179,6,1,1,pop,low,2.54,1,5.12,8.31,0,1,0
132,13,0,2,pop,low,4.89,1,0.29,0.58,0,0,1
102,2,0,2,pop,low,3.33,0,0.66,8.79,0,1,0
95,6,0,0,jazz,low,1.99,0,3.84,0.95,0,0,0
136,9,1,2,orchestral,medium,2.81,1,7.5,4.15,1,0,0
118,14,0,1,jazz,medium,1.22,1,9.13,7.65,1,1,0
132,9,0,1,electronic,low,1.14,1,0.3,0.82,0,0,0
121,12,0,2,orchestral,high,3.98,0,3.68,0.4,0,0,0
137,2,0,1,jazz,medium,3.0,0,2.24,3.3,0,0,0
118,14,0,1,orchestral,high,3.52,0,8.15,7.3,1,1,0
93,20,0,0,electronic,high,4.16,1,8.46,5.22,1,0,1
174,4,1,1,acoustic,medium,3.34,1,2.06,4.17,0,0,1
84,18,0,2,pop,high,3.73,1,7.11,8.13,1,1,0
114,6,1,1,jazz,medium,3.26,1,7.32,7.67,1,1,0
166,9,1,3,electronic,high,4.29,1,1.77,7.86,0,1,1
172,15,0,2,electronic,low,4.77,1,4.34,4.6,0,0,1
154,5,0,0,orchestral,low,3.2,0,6.2,0.19,0,0,0
97,12,0,0,orchestral,medium,3.16,1,0.26,1.72,0,0,1
155,16,1,2,pop,medium,3.32,0,4.05,7.41,0,1,0
88,20,0,3,orchestral,high,2.89,1,1.55,7.53,0,1,0
153,8,0,0,jazz,high,2.6,0,5.42,9.72,0,1,0
137,20,0,2,jazz,low,4.05,1,8.43,1.9,1,0,1
96,20,1,2,jazz,high,2.6,1,5.25,1.23,0,0,0
86,12,1,2,acoustic,low,2.54,1,0.36,1.39,0,0,0
125,6,0,0,jazz,low,3.9,1,0.3,1.85,0,0,1
92,6,1,2,orchestral,medium,3.98,1,6.06,5.28,0,0,0
119,9,0,2,orchestral,low,5.33,1,3.28,9.75,0,0,1
121,11,0,0,jazz,medium,4.22,0,5.73,5.89,0,0,0
88,7,1,0,electronic,medium,3.83,1,1.64,5.23,0,0,1
129,16,0,1,electronic,low,3.97,0,7.77,6.73,1,0,0
106,17,0,1,electronic,medium,2.85,1,8.61,0.74,1,0,0
145,18,0,1,pop,medium,3.56,1,8.89,8.15,1,1,1
84,9,1,1,acoustic,low,3.61,1,3.04,6.47,0,0,0
108,9,1,2,jazz,low,2.46,1,6.61,1.71,0,0,0
116,10,1,3,pop,high,2.95,1,2.79,6.31,0,0,0
117,3,1,1,electronic,high,3.95,1,7.63,5.96,1,0,1
162,16,0,3,jazz,low,2.98,0,1.21,0.65,0,0,0
87,19,0,2,pop,low,3.61,1,7.63,2.67,1,0,1
144,4,0,3,orchestral,high,3.9,1,4.4,3.91,0,0,0
165,18,0,2,electronic,medium,3.85,0,8.56,2.45,1,0,0
96,5,0,4,pop,low,4.73,1,7.39,2.43,1,0,0
150,5,1,2,orchestral,medium,2.42,1,3.77,5.73,0,0,0
168,15,0,1,electronic,medium,4.64,1,9.04,4.71,1,0,0
124,10,0,1,acoustic,medium,3.47,1,2.83,6.67,0,0,1
83,10,0,0,electronic,low,3.83,0,9.67,9.56,1,1,0
115,19,0,1,acoustic,medium,3.7,0,7.67,6.61,1,0,0
149,11,1,1,acoustic,low,3.65,1,9.91,5.82,0,0,1
110,5,0,3,acoustic,high,2.36,1,0.54,8.48,0,1,0
98,13,0,1,jazz,medium,3.8,1,2.74,6.32,0,0,1
140,9,1,0,jazz,medium,1.56,0,7.41,1.66,1,0,0
133,3,0,2,acoustic,medium,5.1,1,9.22,3.15,1,0,1
118,14,0,0,orchestral,medium,3.38,1,0.29,7.33,0,1,1
170,17,0,0,acoustic,high,4.16,0,0.0,7.38,0,1,0
153,3,0,2,pop,low,3.68,0,2.56,9.87,0,1,0
169,12,1,2,acoustic,high,3.04,0,8.53,6.27,1,0,0
98,11,1,1,jazz,low,2.46,0,7.67,9.0,1,0,0
118,16,0,1,jazz,low,2.27,0,3.4,0.55,0,0,0
146,18,1,0,pop,medium,3.78,0,0.02,5.66,0,0,0
124,9,0,1,pop,medium,3.73,1,5.55,9.2,0,1,1
92,19,0,1,electronic,high,3.56,0,2.38,2.87,0,0,0
171,10,0,1,orchestral,medium,2.88,0,7.46,1.55,1,0,0
137,9,0,4,orchestral,medium,3.41,0,4.46,3.51,0,0,0
99,15,0,2,orchestral,high,2.58,0,6.79,7.92,0,1,0
171,19,1,2,jazz,low,2.32,1,8.52,0.85,1,0,0
151,13,1,1,orchestral,high,2.72,0,5.36,6.0,0,0,0
140,20,0,5,electronic,medium,2.77,1,3.36,1.36,0,0,0
118,15,0,1,electronic,low,4.46,1,7.7,4.36,1,0,0
80,18,0,3,orchestral,low,1.63,0,2.65,9.66,0,1,0
82,4,0,1,pop,medium,2.97,1,8.92,1.95,0,0,0
156,8,0,2,electronic,low,3.63,1,0.71,0.34,0,0,0
171,18,0,2,pop,low,4.99,0,8.35,4.27,1,0,0
141,13,1,0,jazz,low,2.39,1,0.92,5.78,0,0,0
142,10,0,1,electronic,low,1.88,1,0.56,2.98,0,0,0
104,16,0,3,pop,medium,3.72,1,3.63,5.42,0,0,1
135,19,0,2,orchestral,high,3.16,0,9.57,9.53,1,1,0
112,14,0,2,jazz,low,2.78,1,9.83,3.12,1,0,0
117,9,0,2,acoustic,medium,3.44,0,2.02,3.09,0,0,0
85,15,1,0,acoustic,low,3.86,0,1.49,4.83,0,0,0
137,9,0,4,orchestral,medium,3.74,0,3.53,5.15,0,0,0
123,15,1,0,jazz,high,3.3,1,3.37,0.01,0,0,1
124,8,0,2,jazz,medium,4.32,1,7.6,6.16,1,0,1
111,13,0,1,jazz,high,3.2,0,4.44,9.97,0,1,0
124,12,0,0,jazz,medium,3.04,0,7.8,2.92,1,0,0
140,12,1,0,acoustic,medium,3.71,1,7.49,6.31,1,0,0
126,14,0,2,pop,medium,1.74,1,5.78,0.05,0,0,0
100,19,1,2,jazz,high,3.62,0,8.34,6.04,1,0,0
159,3,0,0,pop,high,2.7,1,1.96,4.47,0,0,0
164,16,1,0,jazz,medium,1.67,0,1.62,5.3,0,0,0
154,19,0,2,electronic,high,3.43,1,7.51,5.44,1,0,1
180,16,1,2,electronic,low,2.54,1,2.45,1.77,0,0,0
115,20,0,1,electronic,high,1.39,0,0.03,7.7,0,1,0
178,13,1,2,jazz,low,2.13,1,9.12,5.55,1,0,0
98,14,0,1,pop,low,4.69,1,6.23,2.7,0,0,1
99,12,0,3,acoustic,low,2.44,0,4.45,9.37,0,1,0
136,6,0,1,orchestral,high,3.32,0,7.26,0.13,1,0,0
97,2,1,1,acoustic,high,1.92,0,3.33,7.26,0,1,0
126,4,0,6,jazz,high,5.1,0,9.54,3.81,1,0,0
128,20,1,1,electronic,high,3.07,1,0.69,5.23,0,0,1
93,8,0,1,electronic,medium,2.32,0,6.41,2.92,0,0,0
94,13,0,2,pop,high,3.89,1,7.77,3.21,1,0,0
110,16,0,0,jazz,high,5.05,0,4.69,0.15,0,0,0
80,6,1,1,acoustic,medium,2.59,1,7.55,7.3,1,1,0
133,16,1,0,jazz,low,2.3,0,9.27,7.11,1,1,0
82,9,1,0,jazz,medium,5.3,0,7.44,6.54,1,0,0
95,11,0,1,electronic,high,2.88,0,3.09,8.78,0,1,0
166,17,1,3,acoustic,high,2.76,1,5.62,9.01,0,1,0
136,9,1,2,orchestral,high,0.86,0,9.12,5.56,1,0,0
154,2,0,0,electronic,high,2.97,0,4.49,6.85,0,0,0
91,13,1,2,acoustic,high,1.64,1,6.82,0.11,0,0,0
153,6,1,1,pop,medium,2.44,1,4.66,8.46,0,0,0
175,4,1,3,electronic,medium,0.99,1,1.21,8.16,0,1,0
95,2,1,2,pop,low,4.24,0,0.59,0.2,0,0,0
151,5,0,1,electronic,medium,1.53,0,9.52,5.43,1,0,0
155,9,0,0,jazz,medium,1.06,1,6.13,9.07,0,1,0
103,4,1,3,acoustic,high,2.09,0,1.04,1.81,0,0,0
107,11,0,3,pop,medium,4.25,0,8.57,3.53,1,0,0
87,3,1,2,electronic,low,2.56,0,5.23,3.31,0,0,0
171,12,1,2,pop,low,2.69,1,7.72,3.56,1,0,0
115,11,1,0,electronic,medium,3.48,0,1.27,0.42,0,0,0
169,15,1,0,electronic,medium,2.85,1,9.07,2.79,1,0,0
87,8,0,1,orchestral,low,4.24,0,5.91,2.95,0,0,0
137,3,0,1,orchestral,low,2.76,1,7.38,8.66,1,1,0
139,10,0,1,orchestral,medium,2.78,1,0.31,3.52,0,0,0
129,17,0,1,pop,low,5.26,0,3.15,4.47,0,0,0
107,14,0,2,jazz,low,3.06,0,2.67,3.81,0,0,0
171,10,0,1,electronic,low,3.23,1,9.5,1.21,1,0,1
180,5,1,2,acoustic,medium,2.79,0,1.85,9.9,0,1,0
120,11,1,0,orchestral,medium,0.57,1,7.07,8.26,1,1,0
179,13,0,2,pop,low,3.87,1,0.43,5.41,0,0,1
143,18,0,1,pop,high,4.66,1,1.98,4.76,0,0,0
106,15,1,1,pop,low,4.26,0,3.39,6.49,0,0,0
142,15,0,3,acoustic,low,2.44,0,7.95,3.26,1,0,0
96,3,0,1,acoustic,low,2.83,1,7.9,0.5,1,0,0
152,12,0,2,orchestral,low,3.35,0,9.53,4.04,1,0,0
112,17,0,0,acoustic,low,3.31,1,9.17,9.84,1,1,1
163,20,0,1,orchestral,low,3.68,1,0.82,1.82,0,0,1
156,7,1,1,acoustic,medium,3.2,0,8.3,5.28,1,0,0
171,20,0,1,acoustic,medium,2.64,0,4.51,0.09,0,0,0
108,6,0,2,acoustic,medium,3.14,0,8.66,1.22,0,0,0
92,5,0,1,orchestral,medium,4.0,1,0.89,5.87,0,0,1
125,16,0,2,electronic,low,5.92,0,8.23,2.97,1,0,0
114,5,1,2,orchestral,high,2.5,0,1.6,9.06,0,1,0
85,11,1,2,electronic,low,3.23,1,3.34,4.06,0,0,1
161,4,1,1,pop,medium,2.64,0,0.29,2.08,0,0,0
148,6,0,1,pop,low,3.31,0,1.24,5.46,0,0,0
126,7,1,0,orchestral,high,3.98,0,4.46,7.95,0,1,0
104,9,1,1,electronic,medium,2.79,1,8.18,0.19,1,0,0
145,8,1,0,electronic,low,0.95,0,7.74,5.06,1,0,0
89,11,0,1,electronic,medium,4.03,1,2.35,7.73,0,1,1
135,7,0,2,pop,low,3.13,1,1.52,1.04,0,0,1
109,15,0,1,orchestral,medium,2.66,1,3.89,9.03,0,1,0
84,5,1,0,jazz,medium,2.43,1,8.83,2.65,1,0,0
112,14,0,1,electronic,low,3.31,0,0.91,1.71,0,0,0
144,18,0,2,electronic,low,2.3,0,5.43,5.89,0,0,0
97,8,1,2,jazz,low,2.42,0,0.89,1.75,0,0,0
175,5,1,0,orchestral,medium,1.75,1,4.7,6.8,0,0,0
128,15,1,2,electronic,low,2.32,0,1.27,4.9,0,0,0
90,4,0,2,orchestral,medium,3.63,0,0.8,1.1,0,0,0
164,6,1,1,electronic,high,1.62,0,1.91,9.12,0,1,0
105,17,0,0,acoustic,low,4.15,0,2.55,6.73,0,0,0
142,5,0,1,electronic,high,1.82,1,2.76,5.46,0,0,0
168,3,0,2,acoustic,medium,3.15,1,6.45,3.74,0,0,1
165,19,0,2,orchestral,low,3.48,0,0.55,1.35,0,0,0
138,20,0,3,electronic,medium,3.82,1,0.81,7.08,0,1,0
106,20,1,2,pop,medium,3.82,0,1.89,8.14,0,1,0
128,18,0,1,pop,medium,2.92,1,8.72,1.26,1,0,0
156,15,1,0,jazz,low,2.83,1,6.29,4.95,0,0,0
112,20,0,2,pop,low,3.6,0,7.3,4.85,1,0,0
177,14,0,0,acoustic,medium,3.28,0,3.7,3.5,0,0,0
178,13,0,2,pop,medium,2.65,1,2.13,7.89,0,1,0
80,7,0,4,pop,medium,3.37,1,0.38,1.0,0,0,1
100,5,0,2,pop,low,2.83,1,4.89,2.05,0,0,0
134,20,0,0,electronic,high,2.4,1,5.74,0.02,0,0,0
85,17,0,2,jazz,high,2.62,1,8.97,3.73,1,0,0
171,14,0,1,orchestral,low,3.49,1,8.82,2.91,0,0,1
160,5,0,1,jazz,low,2.07,1,4.25,8.67,0,1,0
148,18,1,2,acoustic,high,4.11,0,4.24,7.46,0,1,0
174,2,0,3,electronic,high,2.44,1,1.61,0.84,0,0,0
84,19,1,0,electronic,medium,0.74,1,2.57,7.41,0,1,0
82,18,1,4,pop,high,3.55,1,9.26,6.75,1,0,1
132,16,1,1,pop,medium,0.5,0,1.41,2.82,0,0,0
102,12,1,0,acoustic,low,1.99,0,9.69,0.15,1,0,0
180,14,0,0,electronic,medium,5.42,1,5.05,1.15,0,0,1
132,2,1,2,orchestral,medium,4.06,1,4.57,2.5,0,0,1
116,18,1,0,jazz,high,3.98,1,1.75,8.17,0,1,1
153,7,0,4,electronic,low,1.88,0,6.62,4.65,0,0,0
153,5,0,1,orchestral,medium,2.81,0,4.6,9.18,0,1,0
162,17,0,0,orchestral,medium,4.24,0,3.71,7.89,0,1,0
96,16,1,3,jazz,low,3.64,1,2.65,2.87,0,0,1
164,16,1,1,orchestral,low,4.14,0,0.66,8.45,0,1,0
157,7,0,1,acoustic,high,4.78,1,5.19,1.17,0,0,1
152,16,0,1,orchestral,medium,3.66,0,3.13,0.36,0,0,0
80,15,0,1,acoustic,medium,1.77,1,7.08,6.09,1,0,0
130,12,0,2,orchestral,high,3.6,1,7.24,3.42,1,0,1
124,8,1,0,pop,low,2.76,1,3.32,3.29,0,0,0
156,10,0,2,orchestral,high,1.71,0,6.69,6.87,0,0,0
83,17,0,4,acoustic,medium,3.89,1,2.59,8.5,0,1,1
141,6,0,0,orchestral,medium,4.2,0,7.27,3.22,1,0,0
144,11,1,2,orchestral,medium,2.91,0,0.16,3.25,0,0,0
111,19,0,1,orchestral,high,3.32,0,1.52,5.34,0,0,0
113,4,1,2,acoustic,low,0.93,1,2.45,6.53,0,0,0
171,14,0,1,orchestral,low,4.12,0,7.73,2.03,1,0,0
174,12,0,2,jazz,low,3.79,1,0.66,9.13,0,1,1
151,18,0,2,jazz,low,3.25,0,1.88,6.54,0,0,0
118,14,0,0,acoustic,medium,1.75,0,3.59,6.25,0,0,0
105,7,0,3,pop,high,1.36,0,0.09,9.04,0,1,0
113,18,1,0,jazz,high,5.03,1,7.62,9.07,1,1,1
133,14,1,3,electronic,low,2.0,0,5.6,1.36,0,0,0
82,20,1,2,jazz,medium,3.13,1,9.01,1.45,0,0,0
129,20,0,1,electronic,medium,2.03,1,0.31,7.62,0,1,0
91,11,1,5,acoustic,low,0.71,1,2.71,9.57,0,1,0
144,4,0,0,pop,high,3.45,0,7.31,6.67,0,0,0
133,15,0,1,electronic,high,3.6,0,6.75,4.11,0,0,0
84,20,0,1,electronic,high,1.33,1,2.43,6.83,0,0,0
173,6,0,0,jazz,low,4.11,1,5.96,2.29,0,0,0
173,6,1,1,electronic,medium,2.47,0,7.94,9.98,1,1,0
136,18,0,1,acoustic,low,1.92,1,0.33,4.31,0,0,0
96,11,0,1,acoustic,low,1.85,0,7.18,9.32,1,1,0
126,6,1,2,acoustic,medium,3.87,1,2.52,4.31,0,0,1
102,5,0,2,jazz,high,1.08,0,9.48,9.28,1,1,0
158,7,0,1,pop,high,1.76,0,5.38,3.36,0,0,0
180,5,0,1,jazz,high,3.43,0,0.33,7.61,0,1,0
164,8,1,2,acoustic,high,3.3,1,4.03,9.51,0,1,1
93,8,1,0,jazz,low,1.98,1,9.66,6.46,1,0,0
145,19,0,0,acoustic,medium,4.29,0,7.3,6.78,1,0,0
154,4,0,2,orchestral,low,1.89,1,3.0,1.03,0,0,0
130,2,0,1,orchestral,low,2.79,1,5.75,4.74,0,0,0
117,5,1,1,electronic,medium,2.66,1,5.99,8.87,0,1,0
143,7,0,1,pop,medium,2.66,0,0.23,2.41,0,0,0
177,10,0,0,orchestral,medium,2.8,1,1.79,7.88,0,1,0
117,15,0,0,acoustic,low,2.77,0,5.52,6.76,0,0,0
129,13,0,2,jazz,low,2.76,0,4.03,2.23,0,0,0
177,5,0,0,jazz,low,2.82,1,1.9,2.83,0,0,0
161,13,1,0,electronic,low,4.09,1,7.73,4.28,1,0,1
109,11,0,1,jazz,low,2.77,1,4.89,1.25,0,0,0
158,8,0,3,orchestral,medium,3.69,1,3.1,9.13,0,1,1
170,4,1,0,jazz,high,3.15,1,1.62,7.39,0,1,1
130,15,1,3,orchestral,medium,3.37,0,6.11,3.65,0,0,0
142,11,0,3,orchestral,medium,3.78,0,6.66,3.0,0,0,0
177,17,0,2,pop,low,1.86,1,6.7,6.9,0,0,0
131,17,0,1,electronic,high,3.63,1,2.2,4.24,0,0,1
117,11,1,1,acoustic,low,2.79,1,5.95,2.29,0,0,0
176,14,0,2,orchestral,high,2.04,1,9.05,4.3,1,0,0
167,7,1,1,electronic,high,3.78,1,3.53,8.71,0,1,1
158,13,1,3,acoustic,high,2.57,1,2.11,0.69,0,0,0
109,10,0,1,jazz,low,3.38,0,7.72,3.68,1,0,0
130,14,0,1,electronic,medium,0.5,0,1.77,9.62,0,1,0
160,5,0,1,electronic,low,3.73,1,2.54,0.15,0,0,0
84,12,0,3,electronic,low,5.59,1,1.01,8.91,0,1,1
108,19,0,2,jazz,low,2.99,1,2.68,3.75,0,0,0
83,12,1,0,jazz,high,2.74,0,4.1,1.9,0,0,0
89,5,1,3,electronic,high,2.54,1,0.64,0.15,0,0,0
135,19,0,2,pop,low,3.56,1,8.72,0.71,0,0,1
96,2,1,2,orchestral,medium,2.7,1,5.14,1.72,0,0,0
153,8,0,3,jazz,high,3.65,0,5.88,0.25,0,0,0
96,7,0,2,pop,medium,4.72,1,3.71,3.36,0,0,1
163,16,0,1,jazz,low,3.84,1,6.7,0.45,0,0,1
167,19,1,3,electronic,medium,2.83,1,4.32,6.92,0,0,0
148,12,1,3,pop,medium,1.88,1,7.61,8.19,1,0,0
113,16,1,1,acoustic,medium,2.59,1,8.21,8.87,1,1,0
85,17,0,3,orchestral,medium,2.84,0,6.72,5.49,0,0,0
132,8,0,2,orchestral,medium,1.68,0,4.91,9.47,0,1,0
145,11,0,2,jazz,low,4.09,1,7.82,0.06,1,0,1
156,13,0,2,orchestral,low,3.57,0,4.94,1.34,0,0,0
122,15,1,2,acoustic,low,1.95,1,1.12,2.93,0,0,0
154,6,1,4,pop,medium,1.22,0,1.16,7.89,0,1,0
102,19,1,1,pop,low,3.72,0,9.49,8.85,1,1,0
134,6,0,1,electronic,high,1.36,1,2.14,6.18,0,0,0
159,4,0,1,pop,medium,3.08,0,8.16,3.83,1,0,0
174,6,0,2,jazz,medium,2.59,1,2.47,6.66,0,0,0
154,18,0,0,acoustic,high,3.8,1,4.31,1.81,0,0,1
95,20,0,1,electronic,high,3.81,0,6.55,4.58,0,0,0
87,20,1,0,jazz,high,2.18,1,1.59,5.08,0,0,0
83,13,1,4,jazz,medium,3.89,0,7.37,1.05,1,0,0
83,10,0,2,jazz,low,2.71,1,6.9,0.34,0,0,0
135,2,0,4,orchestral,high,3.02,0,5.43,7.5,0,1,0
104,19,0,2,jazz,high,3.04,0,5.66,5.35,0,0,0
146,5,0,1,orchestral,high,5.25,1,1.06,3.32,0,0,1
175,11,1,1,pop,medium,2.88,1,4.36,4.37,0,0,0
146,8,0,3,orchestral,medium,1.33,0,0.87,9.58,0,1,0
106,2,0,3,jazz,low,2.29,1,3.08,3.85,0,0,0
172,18,0,1,acoustic,medium,3.74,1,9.0,1.03,1,0,1
111,3,1,0,acoustic,low,2.72,1,5.75,4.64,0,0,0
129,12,0,2,pop,low,3.01,0,7.43,6.48,0,0,0
140,10,0,3,jazz,medium,2.57,1,5.74,0.12,0,0,0
130,8,0,2,orchestral,medium,0.5,1,1.94,3.32,0,0,0
98,18,1,0,acoustic,low,2.22,1,5.95,3.94,0,0,0
100,18,1,0,electronic,high,2.92,1,7.55,4.64,1,0,0
84,3,0,2,jazz,high,1.23,0,1.38,3.02,0,0,0
161,7,1,0,jazz,medium,1.82,0,8.17,6.67,1,0,0
171,15,1,1,electronic,medium,2.66,0,5.55,9.45,0,1,0
121,7,1,1,acoustic,high,2.67,0,0.04,9.14,0,1,0
140,3,1,0,electronic,low,3.39,0,5.2,6.64,0,0,0
101,2,1,1,pop,medium,2.72,1,3.96,5.07,0,0,0
100,11,0,1,orchestral,low,3.36,0,2.96,8.26,0,1,0
149,6,1,2,orchestral,low,2.3,0,7.71,8.36,1,1,0
80,3,0,2,acoustic,medium,3.21,0,8.99,8.3,1,1,0
84,17,1,0,electronic,medium,4.47,0,7.63,1.58,1,0,0
91,3,0,3,jazz,low,3.29,0,8.47,0.25,1,0,0
169,11,1,0,jazz,low,2.76,1,9.09,9.83,1,1,0
125,3,1,1,jazz,medium,2.06,0,9.13,9.6,1,1,0
113,17,0,2,pop,medium,3.09,1,1.15,5.64,0,0,1
128,17,1,3,pop,medium,2.78,0,4.56,9.93,0,1,0
157,20,0,0,jazz,low,3.56,1,0.0,7.71,0,0,1
169,8,1,1,acoustic,medium,1.18,0,5.06,5.17,0,0,0
124,13,0,1,pop,low,2.81,1,9.24,3.89,1,0,0
106,16,0,1,pop,low,3.42,1,1.99,5.93,0,0,1
152,9,1,1,orchestral,medium,3.13,1,6.4,5.16,0,0,1
105,7,0,1,orchestral,medium,2.67,1,6.44,9.94,0,1,0
126,11,1,1,acoustic,low,2.65,1,1.6,4.9,0,0,0
165,4,0,3,pop,low,1.9,1,2.39,8.36,0,1,0
135,20,0,0,pop,medium,3.38,1,4.62,8.14,0,1,1
173,18,0,2,electronic,low,3.42,1,1.88,0.71,0,0,1
142,8,0,1,acoustic,low,1.59,1,5.85,0.87,0,0,0
127,5,0,1,acoustic,medium,3.76,1,4.85,6.6,0,0,1
140,15,0,3,electronic,low,2.35,0,5.19,2.59,0,0,0
160,16,0,2,electronic,low,2.62,1,1.34,6.58,0,0,0
105,9,0,0,orchestral,high,4.85,0,5.17,1.45,0,0,0
115,16,1,0,acoustic,medium,4.6,1,0.49,3.97,0,0,0
80,15,1,0,acoustic,medium,1.55,0,8.82,1.02,1,0,0
87,10,0,1,electronic,medium,1.72,0,3.43,2.82,0,0,0
178,9,1,1,jazz,medium,1.95,1,8.56,0.88,1,0,0
131,18,0,3,jazz,high,4.59,1,7.02,9.71,1,0,1
158,3,1,1,orchestral,medium,2.39,0,7.66,3.95,1,0,0
126,4,1,1,jazz,low,1.53,0,3.15,9.01,0,1,0
135,9,1,2,jazz,medium,4.23,0,2.28,9.71,0,1,0
165,13,0,2,jazz,medium,3.59,1,4.07,9.1,0,1,1
93,2,1,1,pop,medium,5.25,0,0.24,4.55,0,0,0
169,11,0,3,orchestral,medium,3.59,1,9.19,7.79,0,1,1
107,4,1,0,electronic,high,2.97,1,3.87,1.54,0,0,0
166,7,0,2,jazz,medium,3.25,1,9.89,0.95,1,0,1
157,8,1,3,pop,low,2.55,0,7.61,8.77,1,1,0
167,19,1,3,jazz,low,4.31,0,0.81,0.31,0,0,0
81,12,1,2,pop,medium,4.36,1,6.6,9.72,0,1,0
105,20,0,2,orchestral,low,1.42,1,2.71,6.72,0,0,0
93,6,1,3,jazz,low,3.94,0,2.44,4.2,0,0,0
138,20,0,1,pop,low,1.93,1,2.57,1.41,0,0,0
135,12,1,0,acoustic,low,5.41,0,9.16,7.23,1,1,0
86,13,0,1,acoustic,high,4.52,0,5.0,5.63,0,0,0
82,11,0,1,pop,low,1.86,0,6.69,7.11,0,1,0
102,9,0,1,jazz,low,3.24,1,2.81,4.18,0,0,1
97,10,0,3,jazz,low,3.99,0,5.23,0.66,0,0,0
117,5,0,0,orchestral,medium,2.38,0,3.5,3.15,0,0,0
178,6,0,2,orchestral,low,1.63,0,3.21,3.15,0,0,0
94,9,0,1,electronic,medium,3.1,1,2.47,0.09,0,0,1
143,10,1,2,orchestral,low,2.84,1,4.09,0.1,0,0,0
168,16,1,0,jazz,medium,2.09,0,6.6,3.31,0,0,0
180,16,0,0,electronic,high,4.24,0,2.22,7.28,0,1,0
107,17,0,2,orchestral,low,1.71,0,9.65,6.24,1,0,0
153,15,0,0,pop,medium,2.89,1,1.25,2.39,0,0,0
118,9,0,2,acoustic,medium,3.18,0,4.8,6.03,0,0,0
136,19,1,1,orchestral,medium,3.31,1,0.85,6.47,0,0,1
96,11,1,2,orchestral,medium,4.13,0,0.23,5.23,0,0,0
165,7,0,2,pop,medium,2.76,0,9.23,5.21,1,0,0
169,13,0,1,jazz,medium,0.5,0,8.1,3.7,1,0,0
123,3,0,2,pop,medium,2.61,1,6.94,1.23,0,0,0
104,8,1,0,orchestral,low,3.73,1,8.65,3.85,0,0,1
96,17,1,0,jazz,low,2.86,1,8.03,3.45,1,0,0
92,4,0,1,electronic,medium,2.86,0,6.47,5.92,0,0,0
163,14,0,2,orchestral,high,3.53,0,8.47,8.56,1,0,0
104,4,1,1,pop,high,3.66,1,3.91,3.75,0,0,1
147,19,1,0,electronic,high,1.21,1,5.53,7.1,0,0,0
89,12,0,1,acoustic,medium,2.98,1,7.76,8.12,1,1,0
146,9,0,1,electronic,medium,2.8,0,0.85,2.12,0,0,0
97,7,0,1,pop,medium,3.08,0,8.59,9.02,1,1,0
179,2,0,0,electronic,medium,1.03,0,1.57,0.7,0,0,0
165,2,0,0,pop,medium,4.32,1,8.65,9.02,1,1,1
113,9,0,1,orchestral,low,3.01,1,3.11,1.64,0,0,1
87,6,0,1,jazz,low,3.42,1,3.27,3.37,0,0,0
119,17,0,0,acoustic,medium,4.77,0,0.74,6.05,0,0,0
162,12,1,1,jazz,medium,3.43,1,8.86,9.06,1,0,1
121,6,0,0,jazz,low,1.46,0,1.75,2.56,0,0,0
120,5,0,1,jazz,low,2.91,0,6.3,7.64,0,0,0
180,7,0,2,pop,high,3.67,1,6.44,7.1,0,1,1
85,15,0,1,pop,medium,3.06,1,2.81,1.6,0,0,0
131,20,1,2,acoustic,medium,4.71,1,9.86,4.79,1,0,1
105,10,0,4,pop,medium,2.14,1,0.64,4.82,0,0,0
143,13,0,1,pop,medium,4.25,0,6.08,3.05,0,0,0
177,12,1,1,pop,low,3.84,1,4.8,7.8,0,1,0
138,15,0,2,pop,medium,3.09,1,2.45,9.26,0,1,0
135,17,1,2,orchestral,medium,3.33,0,1.64,7.17,0,1,0
138,2,0,1,acoustic,low,2.02,1,7.37,9.73,1,1,0
149,14,0,1,pop,low,2.69,1,9.16,0.5,1,0,0
180,14,0,2,acoustic,low,3.58,0,1.08,0.37,0,0,0
112,3,0,2,electronic,medium,2.85,0,1.94,8.94,0,1,0
132,5,1,2,orchestral,low,3.06,0,9.86,8.98,1,1,0
101,7,1,0,pop,medium,3.99,1,0.15,1.07,0,0,1
100,6,0,1,orchestral,medium,1.09,1,5.08,3.57,0,0,0
149,4,0,2,orchestral,high,3.37,1,5.16,8.35,0,1,1
149,2,1,3,electronic,medium,4.78,0,2.63,1.29,0,0,0
83,5,1,1,acoustic,low,2.62,1,6.63,2.67,0,0,0
173,3,0,2,orchestral,medium,1.76,1,9.45,6.81,1,0,0
154,6,0,0,jazz,medium,2.61,0,4.5,9.82,0,1,0
141,4,0,1,electronic,low,1.48,1,7.49,7.97,1,1,0
141,10,1,3,jazz,medium,3.23,1,6.46,7.77,0,1,1
173,7,0,0,electronic,high,2.93,0,4.73,3.43,0,0,0
174,19,0,2,jazz,low,3.32,0,0.5,6.61,0,0,0
103,7,1,1,jazz,medium,2.87,1,7.42,1.13,0,0,0
134,20,0,3,orchestral,high,3.2,1,3.63,9.92,0,1,0
88,13,0,0,orchestral,medium,3.45,1,2.24,4.81,0,0,1
82,12,0,2,electronic,medium,1.8,1,9.48,6.39,1,0,0
110,3,0,1,acoustic,low,3.35,0,7.74,8.76,1,0,0
119,16,0,0,orchestral,low,4.45,0,9.62,0.01,1,0,0
180,13,0,1,orchestral,medium,2.04,1,2.56,9.76,0,1,0
115,13,0,2,pop,medium,3.31,0,8.36,3.59,1,0,0
103,10,0,2,orchestral,high,4.29,1,6.08,3.4,0,0,1
174,3,1,1,acoustic,low,1.84,0,9.82,1.45,1,0,0
85,4,1,0,pop,medium,3.8,0,9.46,8.58,1,1,0
145,13,0,0,jazz,low,2.78,0,9.73,8.71,1,1,0
163,17,0,1,jazz,low,4.01,0,9.52,0.2,1,0,0
171,2,0,3,pop,medium,2.18,1,0.08,0.56,0,0,0
154,4,0,1,pop,low,2.99,0,7.41,9.18,1,1,0
83,3,0,0,pop,low,1.48,1,2.72,1.23,0,0,0
158,10,1,0,electronic,low,3.44,1,7.05,6.21,1,0,0
85,20,0,2,acoustic,low,3.45,0,9.81,6.2,1,0,0
173,16,0,0,acoustic,high,3.54,0,0.39,8.7,0,1,0
130,19,0,1,jazz,medium,3.49,1,5.67,5.73,0,0,1
141,12,1,4,jazz,low,2.91,0,7.35,4.34,1,0,0
136,17,0,2,jazz,high,1.52,1,2.53,9.74,0,1,0
145,18,1,0,orchestral,medium,3.99,1,2.25,2.29,0,0,0
158,6,0,2,jazz,high,2.96,0,0.6,2.63,0,0,0
154,13,1,2,pop,low,3.39,1,0.94,0.85,0,0,1
87,12,1,4,jazz,medium,2.81,0,6.57,9.75,0,1,0
105,16,0,1,pop,high,4.96,0,5.05,7.06,0,1,0
130,4,0,1,electronic,low,2.43,1,0.3,0.12,0,0,0
124,2,0,0,orchestral,high,2.39,0,9.7,7.04,1,1,0
123,17,0,1,orchestral,high,1.44,1,6.56,4.04,0,0,0
84,3,1,0,acoustic,high,3.11,1,5.15,9.68,0,1,0
149,3,1,4,electronic,low,4.86,0,2.73,2.77,0,0,0
105,4,1,1,pop,low,3.13,0,6.58,7.1,0,1,0
147,9,1,0,electronic,low,3.23,0,3.64,6.27,0,0,0
98,16,0,2,orchestral,high,3.97,0,7.02,0.12,1,0,0
163,8,0,2,pop,low,3.16,0,6.83,8.85,0,1,0
176,7,1,0,electronic,medium,4.2,1,0.93,1.4,0,0,1
99,10,0,3,orchestral,medium,4.35,1,9.09,6.64,1,0,1
91,2,1,1,pop,low,2.41,1,4.87,7.76,0,1,0
126,9,0,0,pop,low,1.57,0,3.93,6.31,0,0,0
80,4,0,2,orchestral,medium,3.69,1,9.55,0.97,1,0,1
169,5,1,0,pop,high,3.32,1,4.38,9.75,0,1,1
93,16,0,2,orchestral,low,1.95,0,7.21,2.37,1,0,0
143,7,1,1,jazz,high,2.32,0,6.55,6.28,0,0,0
117,16,1,1,jazz,medium,2.32,0,1.65,7.97,0,1,0
116,4,1,0,pop,medium,3.15,1,9.91,9.39,1,1,1
90,15,1,1,pop,medium,4.0,1,4.64,6.04,0,0,1
179,15,0,2,orchestral,low,4.05,1,3.95,2.59,0,0,1
156,5,1,1,pop,medium,3.79,1,9.2,8.37,1,1,1
82,13,0,4,acoustic,medium,2.71,1,5.29,1.63,0,0,0
112,18,0,0,jazz,low,5.22,0,7.05,0.22,0,0,0
85,8,1,3,pop,medium,3.03,1,8.46,9.08,1,1,1
129,10,0,3,pop,low,2.61,1,2.35,5.75,0,0,0
89,4,0,1,electronic,medium,1.63,0,1.69,0.7,0,0,0
84,14,0,2,pop,medium,2.65,1,0.69,5.8,0,0,0
102,16,0,1,acoustic,medium,3.44,0,8.97,1.45,1,0,0
89,19,1,0,jazz,low,1.41,0,2.0,0.31,0,0,0
123,20,0,0,electronic,high,2.05,1,3.08,1.17,0,0,0
81,2,1,1,orchestral,low,2.53,1,2.86,7.75,0,1,0
92,7,1,1,orchestral,medium,2.22,0,3.05,7.56,0,1,0
119,3,1,0,jazz,medium,2.14,1,6.68,6.04,0,0,0
81,15,0,2,orchestral,medium,4.12,0,9.54,2.09,1,0,0
163,7,1,1,acoustic,low,1.35,1,3.29,7.39,0,1,0
144,15,0,0,pop,medium,3.18,0,4.08,4.08,0,0,0
142,5,1,0,jazz,low,3.52,0,7.71,5.11,1,0,0
180,9,0,0,electronic,medium,2.52,0,4.32,8.98,0,1,0
152,4,1,4,pop,medium,2.77,0,9.26,4.58,1,0,0
96,20,1,2,orchestral,medium,2.96,0,5.03,6.26,0,0,0
88,15,0,3,orchestral,medium,3.63,1,3.48,9.62,0,1,0
154,18,0,1,electronic,high,4.53,0,9.72,4.51,1,0,0
94,9,1,2,acoustic,low,1.72,0,4.26,5.61,0,0,0
103,15,0,3,electronic,high,2.08,0,2.31,5.84,0,0,0
117,7,1,3,jazz,low,2.13,0,1.78,2.41,0,0,0
114,17,0,0,electronic,medium,2.99,0,9.95,7.37,1,1,0
173,20,0,0,orchestral,medium,2.6,0,7.53,7.27,1,1,0
174,15,1,3,acoustic,medium,3.67,0,4.09,2.14,0,0,0
128,20,1,0,acoustic,low,2.34,0,8.26,0.13,1,0,0
148,4,1,2,electronic,medium,2.11,1,5.47,9.99,0,1,0
141,11,0,2,jazz,low,2.24,1,3.17,5.82,0,0,0
139,20,1,2,orchestral,low,3.12,0,7.43,1.81,1,0,0
129,10,0,3,pop,low,3.96,0,7.46,2.84,1,0,0
157,14,1,1,acoustic,medium,2.96,0,5.0,6.18,0,0,0
154,8,1,3,electronic,low,2.44,0,0.45,1.38,0,0,0
88,15,0,0,jazz,low,1.97,0,0.77,0.37,0,0,0
113,10,0,0,jazz,low,4.46,1,7.89,7.98,1,0,1
155,20,0,3,orchestral,low,1.24,0,8.23,7.16,1,1,0
178,16,1,0,acoustic,high,2.81,1,6.78,3.1,0,0,0
114,15,0,1,orchestral,high,3.74,0,8.39,0.58,0,0,0
80,7,1,1,pop,low,2.8,1,7.19,4.86,1,0,0
119,5,0,1,pop,medium,2.43,1,8.97,2.76,1,0,0
143,9,1,3,pop,medium,3.54,0,1.5,3.98,0,0,0
101,18,1,1,jazz,medium,1.91,0,3.88,2.74,0,0,0
139,10,0,2,acoustic,medium,1.26,1,4.64,1.75,0,0,0
143,2,0,0,orchestral,low,3.35,1,2.98,3.87,0,0,1
172,15,0,2,orchestral,medium,2.0,0,7.25,9.65,1,1,0
151,12,1,1,pop,low,3.13,0,9.12,2.66,1,0,0
90,4,1,0,acoustic,low,2.88,0,4.12,3.36,0,0,0
180,10,0,1,acoustic,medium,3.26,0,9.42,3.29,1,0,0
93,15,1,2,electronic,medium,2.77,1,5.17,4.8,0,0,0
139,10,0,1,acoustic,low,3.55,1,5.23,8.44,0,1,1
109,5,0,1,acoustic,medium,2.3,0,6.0,4.02,0,0,0
114,5,1,1,orchestral,medium,3.78,0,2.68,8.06,0,1,0
164,9,0,2,acoustic,high,1.78,0,3.83,1.15,0,0,0
116,3,0,2,acoustic,medium,4.17,1,5.53,8.95,0,1,1
84,10,0,0,orchestral,medium,5.05,1,9.42,1.85,0,0,1
162,15,0,1,acoustic,medium,3.11,0,6.43,0.39,0,0,0
157,10,0,1,orchestral,low,4.57,0,3.33,1.58,0,0,0
105,17,0,1,electronic,low,4.83,1,0.1,1.91,0,0,1
141,18,1,2,jazz,low,2.68,0,9.82,5.09,1,0,0
83,17,0,1,orchestral,medium,3.05,0,4.93,4.5,0,0,0
168,13,0,2,orchestral,medium,2.19,0,9.38,7.16,1,1,0
121,4,0,1,acoustic,high,2.25,0,5.49,0.51,0,0,0
168,12,0,1,orchestral,medium,3.23,0,6.05,4.98,0,0,0
97,15,1,3,pop,low,1.36,1,7.12,3.32,1,0,0
119,19,1,1,pop,low,3.83,1,3.21,6.31,0,0,1
151,6,0,0,electronic,low,3.17,0,6.99,0.44,0,0,0
118,17,1,3,orchestral,medium,3.68,0,5.27,0.35,0,0,0
93,6,0,1,acoustic,medium,2.82,1,6.72,4.27,0,0,0
111,4,0,1,acoustic,high,3.67,0,8.36,8.11,1,1,0
130,13,0,2,jazz,medium,3.25,0,1.84,6.71,0,0,0
117,2,0,1,electronic,high,3.51,0,6.14,0.17,0,0,0
176,10,0,2,acoustic,medium,3.9,1,0.52,1.78,0,0,1
102,10,1,2,jazz,high,1.74,0,1.02,2.27,0,0,0
142,5,0,0,acoustic,medium,2.3,0,6.75,4.23,0,0,0
94,4,1,1,jazz,medium,5.31,0,0.71,5.87,0,0,0
176,18,0,1,pop,medium,3.21,0,5.95,2.16,0,0,0
104,3,0,0,pop,medium,1.28,1,2.2,3.83,0,0,0
96,2,1,0,acoustic,medium,1.29,1,3.04,5.84,0,0,0
176,9,0,2,electronic,low,2.93,0,1.3,3.83,0,0,0
145,14,0,0,orchestral,low,2.48,0,2.49,1.43,0,0,0
157,16,1,2,electronic,medium,2.19,1,8.21,4.92,1,0,0
132,9,1,0,electronic,medium,4.79,0,6.39,3.24,0,0,0
130,13,1,0,orchestral,low,2.63,1,9.5,8.64,1,1,0
118,13,1,0,pop,low,3.82,1,0.49,7.76,0,1,1
130,15,1,0,pop,low,3.25,0,7.92,1.9,1,0,0
149,16,1,1,orchestral,medium,2.71,1,6.99,1.53,0,0,0
85,16,0,1,jazz,low,1.86,0,2.61,3.48,0,0,0
146,10,0,3,electronic,low,3.77,0,7.29,4.12,1,0,0
86,20,0,1,acoustic,low,0.66,1,7.17,9.32,0,0,0
130,9,0,4,pop,low,3.87,1,4.59,3.02,0,0,1
151,20,1,1,acoustic,high,3.15,1,6.89,8.68,0,1,1
121,7,1,0,orchestral,low,3.62,1,4.45,5.05,0,0,1
143,20,0,1,acoustic,medium,3.01,0,3.36,8.86,0,1,0
94,5,0,1,acoustic,medium,1.77,0,4.66,7.02,0,0,0
108,8,1,2,electronic,high,3.4,0,8.95,7.08,1,0,0
112,5,0,2,orchestral,low,3.85,1,3.85,5.19,0,0,1
173,13,1,1,acoustic,low,2.52,0,4.04,8.4,0,1,0
106,14,0,3,pop,low,3.66,0,6.08,2.54,0,0,0
115,4,0,1,orchestral,low,3.3,1,7.53,9.07,1,1,0
108,13,0,0,pop,medium,3.45,0,7.35,6.37,1,0,0
117,3,0,1,jazz,low,2.14,0,0.2,4.39,0,0,0
136,3,1,2,acoustic,low,4.28,0,6.87,9.82,0,1,0
176,10,1,1,orchestral,high,3.3,0,4.51,8.62,0,1,0
180,2,1,1,pop,medium,3.83,0,5.24,7.72,0,1,0
106,9,0,0,acoustic,low,2.61,0,5.62,2.74,0,0,0
134,7,0,0,electronic,low,3.98,0,7.32,9.74,1,1,0
112,7,1,0,pop,low,2.58,0,8.31,7.43,1,1,0
147,19,1,0,pop,high,2.11,0,6.46,6.05,0,0,0
165,18,0,1,jazz,high,4.77,0,5.64,9.22,0,1,0
145,13,0,1,electronic,high,0.63,0,3.74,1.62,0,0,0
89,7,1,1,jazz,high,5.99,0,1.38,1.39,0,0,0
84,9,0,0,electronic,medium,3.7,0,9.59,5.64,1,0,0
153,20,0,1,pop,low,2.69,1,4.62,0.57,0,0,0
176,11,0,4,jazz,medium,3.33,1,5.66,6.64,0,0,0
117,2,0,2,acoustic,medium,3.7,0,7.51,2.41,1,0,0
92,14,1,0,electronic,high,2.67,0,0.68,1.19,0,0,0
110,18,1,2,pop,medium,5.04,1,8.55,4.09,0,0,1
126,4,0,0,orchestral,medium,4.48,1,7.97,4.66,1,0,0
179,9,0,1,electronic,high,5.73,1,7.74,1.7,1,0,1
167,15,0,1,electronic,low,1.78,0,0.22,0.42,0,0,0
131,4,0,1,acoustic,high,3.22,1,5.27,4.14,0,0,1
135,17,0,2,electronic,low,1.61,1,0.54,7.6,0,1,0
94,14,1,3,electronic,medium,1.91,0,5.51,8.74,0,1,0
108,18,0,2,acoustic,low,2.67,0,7.18,0.98,1,0,0
87,14,0,0,acoustic,medium,2.69,0,1.22,5.25,0,0,0
84,7,0,1,jazz,medium,3.37,0,6.95,2.63,0,0,0
108,18,0,0,pop,low,2.89,0,4.5,3.75,0,0,0
126,15,0,1,pop,high,3.8,1,8.12,9.33,1,0,1
147,18,0,2,jazz,medium,3.32,0,5.34,3.52,0,0,0
155,9,1,2,pop,medium,4.65,0,3.36,3.65,0,0,0
124,12,0,0,electronic,low,3.83,1,3.32,2.09,0,0,0
81,2,0,0,jazz,high,1.82,0,8.97,9.6,1,1,0
106,8,1,1,jazz,low,2.85,0,4.53,4.56,0,0,0
174,18,1,0,pop,low,2.92,0,4.06,5.7,0,0,0
115,11,0,0,orchestral,low,3.44,0,0.4,4.53,0,0,0
115,12,1,2,pop,medium,4.08,0,3.64,2.53,0,0,0
105,10,0,0,orchestral,high,3.28,1,8.5,8.1,1,1,1
122,10,0,0,jazz,low,3.58,0,7.61,0.28,1,0,0
106,6,0,2,orchestral,low,1.87,1,2.21,6.9,0,0,0
148,18,1,2,electronic,high,2.54,0,4.13,5.94,0,0,0
99,10,1,3,acoustic,medium,1.09,1,1.97,1.44,0,0,0
90,18,0,1,orchestral,medium,3.44,1,9.54,1.66,1,0,1
153,20,0,2,acoustic,low,3.84,1,5.98,6.59,0,0,1
117,8,1,1,electronic,medium,1.68,0,7.54,3.12,1,0,0
85,10,0,2,acoustic,low,3.16,1,7.14,2.66,1,0,1
151,8,0,1,electronic,high,2.9,1,8.74,0.59,0,0,0
102,14,1,3,acoustic,medium,4.69,1,9.49,7.66,1,1,1
126,12,1,1,acoustic,medium,2.11,0,0.32,8.83,0,1,0
169,15,1,1,pop,low,3.92,0,9.75,8.2,0,1,0
125,20,1,4,orchestral,low,4.14,0,8.71,4.66,1,0,0
91,12,0,0,acoustic,low,2.81,0,3.83,5.34,0,0,0
169,14,1,2,jazz,low,3.29,1,8.37,2.42,0,0,1
92,15,1,2,pop,low,4.08,1,7.37,1.73,1,0,1
141,14,0,1,orchestral,medium,1.9,1,7.93,8.23,1,1,0
161,2,0,4,pop,low,2.57,0,2.21,7.98,0,1,0
168,9,0,2,orchestral,medium,3.19,0,6.49,7.77,0,0,0
176,13,0,4,electronic,low,5.06,0,0.26,4.63,0,0,0
139,20,1,0,acoustic,low,2.6,0,8.48,8.65,1,1,0
122,13,1,1,jazz,medium,2.73,1,9.51,9.26,1,1,0
155,9,0,3,pop,medium,4.55,0,6.62,3.28,0,0,0
179,9,0,3,pop,medium,3.66,1,5.13,2.25,0,0,1
147,14,1,1,pop,low,5.18,0,7.26,4.64,1,0,0
84,13,0,0,pop,medium,4.09,1,3.26,1.79,0,0,0
116,17,0,1,acoustic,medium,2.85,0,6.26,8.84,0,1,0
151,2,0,2,orchestral,low,2.71,0,7.19,3.38,1,0,0
171,14,0,2,acoustic,medium,2.18,0,1.43,5.76,0,0,0
110,8,0,2,electronic,medium,1.69,0,1.4,5.95,0,0,0
88,6,0,1,acoustic,low,3.34,1,7.16,5.15,1,0,0
130,9,0,1,acoustic,high,3.63,1,4.32,1.57,0,0,1
108,15,0,3,electronic,medium,3.75,0,8.89,9.91,1,1,0
157,14,0,3,acoustic,low,2.88,0,3.12,1.73,0,0,0
119,16,0,2,orchestral,medium,4.93,1,0.42,7.52,0,1,0
120,18,1,3,jazz,low,1.64,0,6.5,7.91,0,1,0
165,16,1,2,electronic,high,1.53,0,6.84,1.45,0,0,0
90,19,0,2,pop,medium,2.18,1,5.54,9.33,0,1,0
102,19,0,1,orchestral,low,3.01,0,6.83,4.88,0,0,0
80,3,1,0,jazz,low,1.9,1,5.24,6.29,0,0,0
125,5,0,1,orchestral,low,4.35,1,6.93,6.42,0,0,0
180,2,0,2,orchestral,medium,2.26,1,0.44,5.05,0,0,0
100,5,1,3,pop,medium,2.08,1,3.68,1.42,0,0,0
169,19,1,2,jazz,low,4.06,0,2.11,7.52,0,1,0
115,6,1,1,orchestral,low,3.21,0,0.99,5.82,0,0,0
133,20,0,1,pop,low,3.78,1,2.34,1.19,0,0,1
166,16,1,0,electronic,low,2.95,0,1.91,7.0,0,0,0
136,9,0,0,pop,low,3.27,1,9.73,7.03,1,1,0
80,18,1,3,acoustic,medium,1.57,1,2.87,5.48,0,0,0
142,2,0,1,pop,medium,2.85,1,2.31,0.91,0,0,0
133,13,0,2,pop,high,1.95,0,8.35,3.53,1,0,0
134,20,1,2,pop,high,4.95,0,4.19,0.51,0,0,0
119,16,0,1,orchestral,medium,4.29,0,4.21,4.78,0,0,0
94,10,0,1,jazz,medium,2.35,0,4.44,9.06,0,1,0
100,8,1,2,pop,high,2.79,1,4.17,0.02,0,0,0
126,3,0,2,pop,low,2.84,1,3.27,2.67,0,0,0
152,10,0,1,acoustic,low,5.15,1,2.86,8.0,0,0,1
132,11,0,2,acoustic,low,3.4,0,8.82,0.1,1,0,0
88,3,1,1,electronic,medium,2.57,0,1.62,0.1,0,0,0
153,20,1,0,electronic,medium,3.15,0,1.81,6.11,0,0,0
131,12,0,0,acoustic,low,1.46,0,5.72,7.89,0,1,0
136,14,1,0,jazz,medium,2.93,0,3.44,7.77,0,1,0
105,11,0,4,electronic,medium,1.92,0,4.22,7.8,0,1,0
120,15,1,3,jazz,low,1.15,0,8.07,3.61,1,0,0
114,19,0,3,acoustic,low,4.99,0,9.04,8.83,1,1,0
142,20,0,0,electronic,low,2.97,1,7.91,0.13,1,0,0
104,10,1,2,pop,low,2.23,0,2.35,3.12,0,0,0
169,8,0,2,acoustic,high,1.3,1,9.8,3.37,1,0,0
154,4,0,2,electronic,high,2.78,0,3.63,1.66,0,0,0
117,7,0,3,jazz,high,2.85,0,1.69,3.36,0,0,0
81,3,1,2,jazz,medium,3.77,0,4.99,5.86,0,0,0
86,7,0,1,electronic,medium,2.05,1,7.25,5.2,1,0,0
161,4,0,1,jazz,medium,2.47,0,0.83,3.19,0,0,0
170,17,0,0,electronic,medium,2.08,0,6.34,7.49,0,1,0
113,9,0,1,electronic,medium,2.78,1,8.58,7.15,1,0,0
170,3,0,1,jazz,medium,1.01,0,2.62,2.81,0,0,0
96,18,1,1,orchestral,low,2.2,0,6.93,3.23,0,0,0
122,10,1,0,pop,medium,3.63,0,4.0,2.88,0,0,0
138,13,0,0,acoustic,low,1.77,0,4.14,1.29,0,0,0
130,4,0,2,pop,medium,4.0,1,2.81,7.53,0,1,1
133,12,0,3,acoustic,medium,3.87,1,6.24,0.46,0,0,1
103,2,0,1,acoustic,low,3.96,0,3.61,1.51,0,0,0
104,14,1,2,pop,high,3.0,0,8.31,1.05,0,0,0
150,16,0,1,electronic,low,2.91,1,9.63,8.25,1,1,0
131,6,0,2,jazz,low,3.32,0,9.35,0.44,1,0,0
149,18,1,1,orchestral,low,4.32,1,1.63,6.65,0,0,1
167,7,0,2,orchestral,high,4.23,0,0.14,0.44,0,0,0
112,12,1,1,orchestral,medium,1.34,1,4.38,7.86,0,1,0
128,19,0,1,pop,medium,2.13,1,7.29,9.13,1,1,0
108,5,1,2,pop,high,1.95,1,9.77,4.87,1,0,0
142,4,1,2,electronic,low,3.73,0,7.83,8.05,1,1,0
101,14,1,2,orchestral,low,2.32,1,5.81,7.06,0,0,0
105,10,1,1,electronic,low,2.8,1,0.26,7.96,0,1,0
107,7,0,1,orchestral,medium,4.71,1,8.26,7.67,0,1,1
164,13,0,0,pop,medium,4.12,0,1.77,2.05,0,0,0
128,3,1,2,jazz,low,4.38,1,0.56,5.0,0,0,1
150,4,0,3,jazz,low,2.28,0,8.5,9.6,1,1,0
160,4,0,1,jazz,low,0.5,0,5.66,3.44,0,0,0
163,13,0,1,jazz,medium,2.6,1,1.29,9.7,0,1,0
128,16,0,0,acoustic,low,1.56,0,3.87,5.83,0,0,0
99,10,0,0,orchestral,low,1.06,1,0.86,4.62,0,0,0
165,9,0,0,jazz,low,4.13,1,6.38,6.58,0,0,1
171,12,1,0,acoustic,medium,2.11,1,2.82,8.16,0,1,0
142,17,0,0,acoustic,medium,2.19,1,8.66,3.94,1,0,0
140,5,0,2,acoustic,medium,2.63,0,3.58,0.33,0,0,0
128,2,0,2,electronic,medium,4.65,0,4.95,7.09,0,1,0
150,8,0,2,electronic,medium,2.84,0,0.64,9.56,0,0,0
80,3,1,1,acoustic,high,3.95,0,2.76,6.25,0,0,0
175,6,0,1,jazz,low,2.68,0,6.77,1.88,0,0,0
92,8,0,1,orchestral,medium,1.42,1,7.36,2.48,1,0,0
173,5,1,1,pop,medium,1.81,0,2.43,9.1,0,1,0
166,6,0,0,electronic,low,3.0,0,5.04,0.14,0,0,0
130,2,0,2,jazz,medium,3.11,1,8.18,5.49,0,0,0
135,2,0,1,jazz,low,3.54,0,3.8,1.59,0,0,0
162,16,1,0,pop,low,3.54,0,1.34,2.83,0,0,0
141,20,0,0,pop,low,3.9,0,4.32,3.07,0,0,0
111,11,0,1,jazz,low,2.23,1,6.01,2.19,0,0,0
109,19,0,0,pop,medium,4.83,1,0.07,7.92,0,1,1
108,4,0,1,jazz,medium,4.92,1,3.49,3.32,0,0,0
128,12,0,1,pop,medium,2.48,0,6.07,3.45,0,0,0
124,16,0,2,pop,medium,2.21,1,9.52,4.53,1,0,0
172,12,0,1,jazz,low,1.22,1,4.09,9.02,0,1,0
109,18,1,1,acoustic,medium,3.17,0,1.63,6.88,0,0,0
95,18,1,0,jazz,high,3.45,0,5.34,0.62,0,0,0
119,7,0,2,orchestral,low,2.42,1,2.86,0.39,0,0,0
98,6,1,1,pop,medium,3.28,0,2.15,5.66,0,0,0
97,9,0,2,electronic,medium,1.61,1,5.9,8.87,0,1,0
80,3,0,2,pop,medium,3.97,0,9.16,3.23,1,0,0
157,17,1,0,orchestral,low,2.47,1,8.35,2.48,1,0,0
126,13,1,3,electronic,low,3.29,0,1.82,7.48,0,1,0
145,7,1,0,electronic,medium,3.21,0,7.66,6.02,1,0,0
171,2,0,2,jazz,high,1.04,0,2.3,5.65,0,0,0
173,5,1,1,acoustic,low,3.83,1,2.91,1.49,0,0,1
117,18,0,1,jazz,high,2.22,1,9.2,1.76,1,0,0
130,14,1,5,electronic,low,3.2,1,9.11,2.82,1,0,1
142,19,1,2,electronic,low,1.59,1,1.69,2.07,0,0,0
83,6,0,2,acoustic,medium,2.52,0,0.64,9.71,0,1,0
80,4,1,1,pop,medium,3.36,1,2.93,0.19,0,0,1
87,12,0,0,acoustic,low,1.92,0,5.82,6.26,0,0,0
108,14,0,1,jazz,low,1.98,0,8.77,5.18,1,0,0
134,5,0,1,pop,high,3.13,0,1.19,3.23,0,0,0
82,15,0,2,jazz,high,2.83,0,4.15,8.88,0,1,0
111,12,1,2,acoustic,low,3.35,0,2.72,6.7,0,0,0
89,11,1,0,pop,low,2.63,0,0.15,9.98,0,1,0
153,20,0,3,acoustic,medium,3.64,0,7.88,1.69,1,0,0
162,19,1,1,orchestral,medium,2.43,1,8.13,0.88,1,0,0
113,7,1,0,electronic,low,3.6,0,2.21,1.39,0,0,0
176,16,0,3,pop,high,2.09,0,1.51,2.69,0,0,0
166,11,1,2,electronic,low,2.39,1,1.45,4.17,0,0,0
134,6,0,0,orchestral,medium,3.73,0,4.64,8.63,0,1,0
171,6,1,0,pop,medium,2.49,1,2.46,2.84,0,0,0
111,11,0,3,electronic,medium,1.83,1,5.11,9.15,0,1,0
129,6,0,0,electronic,low,4.73,0,3.85,4.63,0,0,0
86,4,0,4,pop,medium,2.96,0,2.11,6.47,0,0,0
172,7,1,2,electronic,high,3.47,0,7.51,2.64,0,0,0
87,5,0,1,electronic,medium,0.74,0,1.5,1.56,0,0,0
144,19,0,0,pop,medium,4.33,0,7.99,8.69,1,0,0
136,10,0,0,electronic,low,5.65,0,5.61,1.1,0,0,0
146,18,1,0,electronic,high,4.24,0,8.32,7.74,1,1,0
167,14,0,1,jazz,high,4.38,1,0.05,5.81,0,0,1
166,16,0,2,jazz,medium,2.59,0,7.49,8.61,1,1,0
138,18,0,0,orchestral,medium,3.25,1,0.52,7.18,0,1,1
151,14,0,2,jazz,high,3.49,0,9.5,2.82,1,0,0
133,17,1,4,jazz,low,2.3,1,7.03,5.74,0,0,0
180,5,1,1,orchestral,medium,2.88,0,3.2,0.13,0,0,0
146,6,0,1,electronic,medium,2.0,1,3.2,4.75,0,0,0
130,6,0,1,electronic,medium,2.6,0,8.61,0.86,1,0,0
176,10,1,4,jazz,high,3.84,1,9.03,4.29,1,0,1
171,18,0,3,orchestral,medium,1.23,0,8.92,1.1,1,0,0
87,14,1,2,electronic,low,3.95,0,8.09,9.55,1,1,0
113,3,1,3,acoustic,low,1.42,0,8.19,5.23,1,0,0
114,14,1,4,pop,low,3.05,0,5.73,9.13,0,1,0
175,20,0,3,pop,medium,3.14,0,0.28,0.22,0,0,0
167,4,0,2,pop,low,3.57,0,0.87,6.38,0,0,0
157,11,1,1,jazz,low,2.82,0,6.5,3.07,0,0,0
111,3,0,1,pop,medium,1.96,0,4.01,4.32,0,0,0
125,14,1,0,pop,high,3.18,1,5.67,8.73,0,1,1
95,20,0,1,acoustic,high,5.17,1,2.31,9.8,0,1,1
147,18,1,1,electronic,high,2.99,0,6.49,2.46,0,0,0
116,15,0,2,acoustic,medium,2.12,1,2.43,9.48,0,1,0
133,13,0,2,jazz,low,2.53,1,4.61,6.89,0,0,0
164,13,0,0,pop,high,3.15,0,4.79,9.51,0,1,0
93,12,1,1,electronic,low,2.73,0,1.78,5.62,0,0,0
174,8,1,2,pop,medium,2.59,0,8.76,9.61,1,1,0
134,5,0,0,pop,medium,4.33,1,5.26,8.92,0,1,0
127,20,0,1,jazz,high,3.52,0,8.67,1.29,1,0,0
161,2,1,1,pop,medium,2.88,1,2.63,3.11,0,0,0
86,4,0,0,orchestral,low,2.89,1,1.72,2.43,0,0,0
153,14,0,2,electronic,medium,3.17,0,0.18,5.72,0,0,0
86,16,0,2,electronic,low,3.56,0,0.94,8.03,0,0,0
112,3,0,1,orchestral,high,4.28,1,1.47,7.59,0,0,1
102,12,0,1,jazz,medium,2.59,0,0.79,7.27,0,1,0
164,5,0,5,pop,medium,2.01,0,8.97,3.75,1,0,0
98,20,0,4,pop,high,2.44,0,9.11,1.4,1,0,0
98,18,0,2,electronic,medium,2.12,1,9.37,2.11,0,0,0
115,4,0,0,jazz,low,1.47,0,9.6,7.42,1,1,0
108,19,0,1,jazz,low,4.41,1,4.92,1.48,0,0,1
139,9,0,1,jazz,medium,3.85,0,5.3,2.23,0,0,0
161,20,1,2,pop,high,0.72,0,1.31,4.25,0,0,0
81,6,0,0,jazz,medium,3.22,1,1.37,0.72,0,0,1
80,8,0,0,orchestral,high,2.62,1,7.73,2.13,1,0,0
126,9,0,3,acoustic,low,2.5,0,8.56,1.5,1,0,0
148,6,0,1,jazz,low,0.51,1,7.85,9.51,1,1,0
99,18,0,1,acoustic,low,2.97,0,8.35,1.92,1,0,0
90,6,0,0,pop,medium,3.08,1,2.77,8.62,0,1,1
81,5,1,1,jazz,low,1.82,0,4.66,1.15,0,0,0
146,20,0,2,electronic,low,4.62,1,4.59,8.7,0,1,1
166,3,1,0,pop,medium,3.79,1,9.95,5.99,1,0,1
91,12,0,1,orchestral,medium,1.93,0,9.49,8.5,1,1,0
99,14,0,2,orchestral,medium,4.02,1,5.98,8.67,0,1,1
84,16,0,1,acoustic,medium,2.53,1,1.38,5.96,0,0,0
116,13,0,2,acoustic,medium,4.06,0,2.59,9.18,0,1,0
117,12,0,0,electronic,medium,1.56,1,3.64,5.85,0,0,0
173,8,1,2,electronic,high,3.17,1,8.73,7.13,1,1,1
88,6,0,3,orchestral,low,1.78,1,1.71,4.16,0,0,0
177,18,1,2,jazz,low,2.16,1,2.2,9.14,0,1,0
132,10,1,3,orchestral,low,1.07,0,3.49,8.24,0,1,0
123,15,0,3,orchestral,low,1.77,1,9.27,1.67,1,0,0
178,13,0,3,electronic,high,1.76,1,5.04,5.76,0,0,0
165,7,0,2,acoustic,low,1.63,0,6.47,8.97,0,1,0
103,18,0,1,electronic,high,3.19,0,3.87,7.93,0,1,0
160,20,0,0,electronic,low,1.23,0,1.89,9.63,0,1,0
153,20,0,0,electronic,high,3.3,1,2.23,2.31,0,0,1
109,17,0,1,orchestral,medium,4.01,1,8.03,3.67,1,0,1
138,13,0,0,jazz,medium,2.11,0,8.93,5.07,1,0,0
166,13,1,2,orchestral,medium,2.92,0,4.93,2.33,0,0,0
175,7,1,3,pop,low,2.66,0,3.57,3.94,0,0,0
160,5,1,2,electronic,medium,2.59,0,8.08,5.38,1,0,0
160,7,0,2,electronic,low,0.5,1,6.73,1.91,0,0,0
93,12,0,1,pop,medium,1.87,0,0.41,2.57,0,0,0
88,2,0,0,electronic,medium,4.46,1,3.51,1.25,0,0,1
119,16,0,1,electronic,low,3.32,1,6.82,7.13,0,1,1
145,12,0,2,electronic,high,2.76,1,5.74,3.62,0,0,0
104,20,1,3,pop,low,0.98,0,9.78,2.2,1,0,0
152,19,1,1,orchestral,medium,3.59,1,8.66,5.07,1,0,1
101,18,0,1,electronic,high,2.09,0,0.6,0.68,0,0,0
83,20,0,1,jazz,medium,1.76,1,7.26,9.23,1,1,0
105,15,0,1,pop,medium,1.86,1,3.36,2.94,0,0,0
137,19,0,2,acoustic,medium,3.51,0,6.82,8.86,0,1,0
108,20,0,0,pop,high,2.93,0,6.17,4.98,0,0,0
177,16,0,3,orchestral,low,3.86,0,5.03,8.5,0,1,0
166,16,0,2,pop,medium,4.13,1,8.53,2.47,1,0,1
116,5,1,2,acoustic,medium,2.26,0,7.09,1.75,1,0,0
154,8,0,1,jazz,low,2.96,1,8.9,8.49,1,1,0
149,14,1,2,acoustic,low,2.7,0,2.82,2.13,0,0,0
97,4,0,3,pop,low,1.64,1,3.48,7.46,0,1,0
164,17,0,1,acoustic,medium,1.78,0,6.22,3.45,0,0,0
121,10,0,3,pop,high,2.84,0,9.66,7.48,1,1,0
179,9,0,0,jazz,medium,2.94,0,3.72,9.08,0,1,0
120,14,0,3,jazz,medium,2.95,1,0.32,9.82,0,1,0
117,18,1,3,orchestral,low,2.95,1,4.46,3.6,0,0,0
113,18,1,2,jazz,low,2.18,0,5.44,3.68,0,0,0
96,18,0,1,electronic,low,5.12,0,8.01,9.81,1,1,0
116,2,0,1,acoustic,medium,3.23,0,7.29,8.62,1,1,0
104,9,1,2,acoustic,low,2.42,1,9.65,0.45,1,0,0
155,20,0,1,pop,medium,3.4,0,7.83,5.73,1,0,0
166,7,0,3,jazz,high,2.15,1,2.99,1.81,0,0,0
165,4,0,4,orchestral,medium,3.03,1,6.41,9.94,0,1,1
164,6,1,3,orchestral,medium,3.4,1,6.72,1.39,0,0,1
106,14,1,1,orchestral,medium,3.55,1,9.98,5.59,1,0,1
136,16,0,1,electronic,low,1.74,0,1.39,6.65,0,0,0
110,15,1,1,jazz,low,6.03,1,1.91,9.37,0,1,1
85,17,1,1,orchestral,high,4.18,0,1.56,8.47,0,1,0
170,19,0,1,electronic,medium,5.03,0,5.89,2.46,0,0,0
119,12,0,1,acoustic,medium,2.74,1,1.35,5.73,0,0,0
177,4,0,1,pop,low,3.25,0,6.56,9.54,0,0,0
91,11,1,1,jazz,medium,3.04,0,8.04,7.36,1,1,0
132,11,0,4,jazz,low,2.45,0,4.33,6.88,0,0,0
150,17,1,0,acoustic,low,3.76,0,5.61,7.55,0,1,0
89,13,0,3,jazz,low,2.12,0,9.13,3.23,1,0,0
124,3,1,1,jazz,medium,3.7,0,5.7,7.29,0,1,0
96,10,0,2,jazz,low,2.5,0,2.09,2.33,0,0,0
105,4,0,2,jazz,low,3.4,1,3.43,4.28,0,0,0
164,16,1,1,electronic,medium,4.46,1,5.3,8.9,0,1,1
171,4,1,1,electronic,medium,2.87,1,1.55,0.19,0,0,0
141,20,1,3,pop,medium,3.78,1,6.13,4.14,0,0,1
125,19,0,1,jazz,medium,2.49,1,9.99,2.67,1,0,0
143,9,1,1,acoustic,high,1.82,1,6.53,1.99,0,0,0
81,18,0,1,orchestral,low,4.66,1,3.72,8.39,0,1,1
133,9,0,0,pop,low,3.75,1,3.32,6.96,0,0,1
144,8,0,0,orchestral,medium,2.87,0,9.32,1.13,0,0,0
130,8,0,1,orchestral,low,3.7,1,8.72,4.94,1,0,1
132,4,0,2,jazz,medium,1.98,1,4.72,4.67,0,0,0
115,2,1,1,acoustic,medium,3.44,1,3.53,1.43,0,0,1
105,5,0,2,orchestral,high,3.22,0,7.1,8.0,1,1,0
108,6,1,1,orchestral,high,3.65,0,3.15,3.67,0,0,0
100,2,0,0,pop,high,4.64,0,1.19,7.62,0,1,0
90,16,0,1,acoustic,low,4.45,1,3.1,1.92,0,0,0
119,6,0,3,acoustic,high,1.61,1,4.34,3.15,0,0,0
90,14,1,2,orchestral,low,1.0,0,2.55,0.95,0,0,0
115,9,1,1,acoustic,medium,3.25,0,2.17,1.43,0,0,0
138,9,1,2,pop,medium,3.17,1,0.06,8.83,0,1,1
118,6,1,0,pop,low,1.86,0,6.31,1.09,0,0,0
178,10,0,1,pop,medium,2.04,0,6.14,0.96,0,0,0
133,2,0,0,jazz,low,2.23,0,1.88,9.4,0,1,0
177,5,1,1,orchestral,low,4.34,0,9.44,6.46,1,0,0
134,4,0,1,acoustic,high,2.53,0,4.1,1.01,0,0,0
103,3,0,2,pop,low,1.5,1,0.25,9.72,0,1,0
101,9,0,0,orchestral,low,2.94,0,2.2,1.47,0,0,0
148,10,0,2,orchestral,medium,3.0,0,6.92,7.66,0,0,0
135,3,0,0,jazz,high,1.97,1,2.02,0.35,0,0,0
112,15,0,2,acoustic,low,3.59,1,0.54,6.25,0,0,1
115,15,0,1,acoustic,low,4.14,0,6.18,5.47,0,0,0
99,5,0,1,pop,high,2.64,1,5.18,2.08,0,0,0
162,7,0,1,pop,low,1.5,1,7.61,6.43,1,0,0
178,12,0,1,orchestral,low,2.73,1,7.73,6.17,1,0,0
160,4,1,0,acoustic,medium,3.3,1,9.6,7.98,0,1,0
141,9,0,1,acoustic,medium,0.84,1,0.57,8.76,0,1,0
177,4,0,2,pop,high,3.48,0,0.39,5.1,0,0,0
152,15,1,0,electronic,low,2.63,1,9.87,4.9,1,0,0
105,14,0,1,orchestral,high,3.04,1,6.45,6.22,0,0,0
145,14,0,1,acoustic,high,2.71,0,7.15,7.29,0,1,0
152,3,1,1,jazz,low,2.25,0,0.96,3.56,0,0,0
152,14,0,0,jazz,low,2.89,1,0.7,5.05,0,0,0
119,20,1,0,electronic,high,2.49,1,1.6,5.85,0,0,0
96,7,1,0,pop,medium,2.64,0,4.27,9.88,0,1,0
80,17,1,2,pop,medium,2.12,0,1.1,5.88,0,0,0
168,3,0,0,pop,medium,3.54,1,4.46,2.24,0,0,1
140,9,0,3,jazz,medium,4.24,0,5.62,5.88,0,0,0
122,18,0,3,pop,high,2.13,1,0.0,8.19,0,1,0
121,3,0,1,jazz,low,2.88,0,1.14,8.57,0,1,0
104,11,0,1,electronic,low,1.9,0,3.75,8.0,0,1,0
118,17,0,2,orchestral,high,3.39,1,0.53,8.88,0,1,1
114,7,0,2,acoustic,high,3.22,0,1.34,3.35,0,0,0
82,3,0,3,electronic,medium,2.42,0,2.32,5.08,0,0,0
180,3,0,3,jazz,high,2.92,0,4.3,7.8,0,0,0
123,14,0,2,electronic,medium,3.87,0,7.15,2.64,1,0,0
130,16,1,3,acoustic,low,1.39,1,1.33,3.72,0,0,0
173,3,0,0,orchestral,high,1.71,1,7.38,8.31,1,1,0
177,8,0,1,acoustic,medium,3.58,0,8.55,7.7,1,1,0
91,4,1,0,jazz,low,3.05,0,6.51,9.71,0,1,0
98,9,0,1,acoustic,low,2.93,0,0.44,9.96,0,1,0
180,15,0,1,electronic,medium,3.94,1,4.41,2.41,0,0,1
123,8,0,2,pop,high,3.7,0,6.6,9.0,0,1,0
138,8,1,0,electronic,low,4.72,1,9.79,0.95,1,0,1
128,2,0,2,jazz,low,3.89,1,9.52,7.1,1,1,1
140,18,0,1,orchestral,medium,3.53,1,3.96,2.2,0,0,0
96,10,0,2,acoustic,high,2.95,1,6.16,3.0,0,0,0
153,14,1,0,orchestral,medium,2.86,1,8.91,9.46,1,1,0
136,20,0,0,jazz,medium,3.0,1,8.31,2.63,1,0,0
134,20,0,0,acoustic,medium,3.22,1,4.79,6.73,0,0,1
126,18,1,1,electronic,low,1.79,0,2.61,1.78,0,0,0
91,11,0,1,electronic,medium,3.26,1,1.37,0.93,0,0,1
141,11,1,2,jazz,low,2.76,0,4.88,3.39,0,0,0
159,5,0,1,acoustic,high,3.36,1,7.23,6.24,1,0,1
167,9,1,1,electronic,low,2.42,1,9.7,2.48,1,0,0
162,19,0,3,jazz,medium,2.34,1,8.62,3.0,1,0,0
87,15,1,2,jazz,low,3.23,1,2.04,7.09,0,1,1
174,19,1,1,orchestral,medium,3.48,0,7.2,1.03,0,0,0
100,15,0,1,electronic,low,2.4,1,2.89,4.47,0,0,0
160,16,0,2,acoustic,low,4.32,0,6.83,9.42,0,1,0
166,5,0,0,electronic,low,4.31,0,6.66,3.97,0,0,0
180,14,0,2,electronic,medium,1.42,0,2.72,4.34,0,0,0
159,9,0,1,electronic,low,2.22,0,2.34,7.38,0,1,0
149,19,0,2,jazz,medium,3.12,1,1.04,7.79,0,0,1
151,13,0,2,pop,medium,3.37,1,0.51,7.7,0,1,1
104,15,0,1,pop,medium,5.13,1,8.58,9.98,1,1,1
161,3,0,2,orchestral,medium,3.14,0,0.5,0.71,0,0,0
168,19,1,0,electronic,high,2.88,1,0.89,9.82,0,1,0
91,3,0,2,pop,low,1.86,1,2.39,9.5,0,1,0
94,12,0,0,orchestral,low,1.41,1,8.88,8.52,1,1,0
138,10,0,1,jazz,high,2.87,1,3.33,4.54,0,0,0
105,13,0,2,electronic,low,5.06,1,1.92,8.71,0,1,1
105,18,0,4,acoustic,high,2.79,0,7.16,2.21,1,0,0
126,16,0,1,jazz,low,2.23,1,3.19,7.92,0,1,0
111,18,0,0,orchestral,medium,3.45,1,3.33,1.85,0,0,1
89,19,1,0,jazz,low,0.99,1,7.39,8.15,1,1,0
95,7,0,2,acoustic,high,3.08,0,2.52,6.15,0,0,0
150,18,1,3,jazz,medium,3.82,1,8.97,0.98,0,0,1
96,19,1,1,orchestral,low,2.05,0,5.61,8.95,0,1,0
102,9,1,0,acoustic,low,4.37,1,5.38,5.78,0,0,1
105,10,1,1,acoustic,low,3.66,1,2.65,6.56,0,0,1
164,7,0,0,jazz,medium,4.38,0,8.35,2.84,1,0,0
165,6,0,2,acoustic,low,1.62,0,5.73,8.72,0,1,0
86,13,1,1,jazz,low,2.82,1,1.56,5.45,0,0,0
93,12,0,1,electronic,medium,3.92,1,2.06,4.21,0,0,0
158,2,0,2,acoustic,medium,1.5,1,4.68,5.34,0,0,0
86,12,1,1,jazz,low,3.95,0,7.8,7.03,1,1,0
88,20,1,3,electronic,low,2.82,1,9.39,6.95,1,0,0
127,10,1,2,acoustic,medium,3.94,0,6.63,3.58,0,0,0
151,3,1,1,electronic,high,3.22,1,5.06,3.85,0,0,0
138,13,1,3,acoustic,low,4.41,0,2.51,5.62,0,0,0
166,5,0,0,orchestral,medium,1.71,1,6.73,9.24,0,1,0
172,5,1,2,orchestral,low,3.33,0,9.82,7.45,1,1,0
161,19,0,2,jazz,low,1.49,1,4.76,3.9,0,0,0
174,16,0,0,pop,medium,3.42,1,1.62,3.37,0,0,1
173,20,1,0,orchestral,low,3.33,1,1.03,5.24,0,0,1
118,14,0,2,pop,medium,2.71,0,2.69,8.7,0,1,0
178,20,0,3,electronic,high,2.22,1,5.69,0.09,0,0,0
97,18,0,2,electronic,high,2.67,0,9.47,7.1,1,1,0
138,7,1,2,pop,low,3.1,0,2.99,2.95,0,0,0
96,17,0,0,jazz,low,3.28,1,3.05,2.08,0,0,1
93,13,1,1,acoustic,high,4.93,1,4.81,0.12,0,0,1
110,20,0,1,pop,low,3.87,0,9.19,8.97,1,1,0
103,6,1,0,pop,medium,2.41,0,4.19,9.12,0,1,0
178,18,1,1,pop,low,3.58,1,2.23,0.61,0,0,1
139,2,0,0,pop,low,3.88,1,1.63,5.22,0,0,1
124,11,0,2,pop,low,2.34,0,4.57,1.53,0,0,0
177,16,0,2,jazz,high,3.7,1,8.01,7.59,1,1,1
82,12,1,2,orchestral,high,1.51,1,2.91,6.65,0,0,0
116,14,1,0,acoustic,low,2.31,0,5.13,2.97,0,0,0
122,6,1,2,orchestral,high,1.58,0,6.03,1.17,0,0,0
119,2,0,1,pop,low,2.79,1,4.5,8.31,0,1,0
169,13,1,0,orchestral,low,2.53,1,1.92,6.74,0,0,0
134,12,1,1,jazz,medium,2.6,1,9.22,0.07,1,0,0
166,18,1,0,electronic,medium,3.82,0,5.65,6.28,0,0,0
118,5,1,4,orchestral,low,3.09,0,7.29,8.1,1,1,0
94,16,0,3,acoustic,low,3.8,0,6.36,5.91,0,0,0
83,10,0,5,jazz,high,4.63,1,9.98,4.25,1,0,1
172,20,1,0,electronic,high,5.09,0,4.56,5.84,0,0,0
165,20,1,2,jazz,high,2.86,1,4.25,6.2,0,0,0
104,13,0,2,pop,low,3.53,0,3.6,6.4,0,0,0
92,6,0,0,electronic,medium,2.85,0,3.62,9.67,0,1,0
161,11,0,2,acoustic,low,4.01,0,2.76,1.79,0,0,0
112,18,0,2,electronic,high,3.82,0,9.81,6.23,1,0,0
95,6,0,0,acoustic,low,2.34,1,8.71,1.88,1,0,0
121,17,1,2,pop,low,2.49,0,3.17,2.1,0,0,0
145,8,1,0,acoustic,medium,4.39,1,3.05,6.69,0,0,1
134,10,0,3,jazz,high,2.45,0,1.04,9.16,0,1,0
178,4,0,2,orchestral,medium,2.89,0,8.77,1.59,1,0,0
121,16,0,1,jazz,low,3.68,0,3.72,9.62,0,1,0
113,17,0,3,jazz,medium,2.83,0,5.73,3.19,0,0,0
109,19,1,2,electronic,high,4.53,0,9.0,3.91,1,0,0
92,15,1,1,pop,low,4.03,1,4.08,1.54,0,0,1
92,4,0,1,orchestral,high,2.12,0,8.07,6.16,1,0,0
97,13,1,1,acoustic,high,2.41,0,4.3,5.96,0,0,0
111,10,1,1,electronic,low,3.59,1,7.01,4.42,0,0,1
175,8,1,3,pop,low,2.95,0,4.31,4.76,0,0,0
178,10,0,2,orchestral,low,1.06,1,3.93,6.23,0,0,0
118,14,1,2,jazz,low,2.03,0,9.91,5.83,1,0,0
125,19,0,2,pop,medium,3.23,0,6.12,3.74,0,0,0
108,6,0,0,pop,medium,3.89,1,3.67,8.84,0,1,1
141,14,0,1,pop,medium,3.9,1,2.58,6.68,0,0,1
172,5,0,0,jazz,low,4.96,0,0.4,2.05,0,0,0
141,3,0,2,acoustic,medium,2.31,0,7.07,3.2,0,0,0
136,17,0,2,electronic,medium,2.36,0,3.72,7.88,0,1,0
95,10,0,3,acoustic,high,2.97,0,8.21,1.05,1,0,0
135,10,1,0,orchestral,low,1.32,1,3.64,7.5,0,1,0
89,7,1,3,electronic,medium,3.0,0,3.73,3.59,0,0,0
109,12,0,1,orchestral,high,2.8,1,7.79,5.52,1,0,0
104,2,1,0,jazz,medium,3.79,0,4.89,2.81,0,0,0
163,5,1,1,acoustic,low,3.96,1,8.85,9.86,1,1,1
84,14,1,1,pop,low,3.36,1,5.9,9.06,0,1,1
144,14,0,0,electronic,high,3.0,1,2.41,9.28,0,1,0
173,14,1,1,pop,low,3.36,0,5.68,1.85,0,0,0
128,3,1,4,orchestral,high,2.21,1,0.04,8.42,0,1,0
82,10,1,1,pop,high,2.92,1,3.12,5.35,0,0,0
124,9,0,1,pop,low,3.02,1,2.08,7.08,0,1,1
93,8,0,2,jazz,medium,2.92,1,6.54,2.18,0,0,0
109,5,1,1,jazz,low,2.83,1,1.36,7.12,0,1,0
147,19,0,0,acoustic,low,2.38,1,2.9,9.14,0,1,0
97,4,0,1,orchestral,medium,1.97,0,3.31,2.67,0,0,0
141,7,0,0,jazz,medium,2.79,1,0.03,2.33,0,0,0
116,13,1,1,jazz,low,3.59,1,0.47,1.04,0,0,0
104,13,1,1,acoustic,high,1.26,0,3.11,2.67,0,0,0
127,9,0,2,electronic,low,2.5,0,2.22,5.36,0,0,0
144,2,1,1,acoustic,medium,5.07,1,1.17,8.33,0,1,1
132,5,0,1,pop,medium,2.81,0,1.54,2.79,0,0,0
158,12,1,2,pop,low,3.15,0,8.36,6.21,1,0,0
152,4,1,2,jazz,high,4.84,0,6.83,4.8,0,0,0
94,14,1,2,jazz,medium,3.32,1,4.84,2.89,0,0,0
128,18,1,2,acoustic,medium,3.34,1,9.09,5.1,1,0,1
167,11,0,0,acoustic,medium,2.09,1,0.3,1.68,0,0,0
147,13,1,2,orchestral,low,3.31,1,3.45,6.4,0,0,0
91,16,0,1,pop,low,2.99,1,8.23,1.16,1,0,0
138,11,1,2,acoustic,medium,3.92,0,6.28,7.31,0,1,0
116,15,1,3,electronic,high,4.28,0,9.82,1.78,1,0,0
140,14,1,1,orchestral,high,3.03,0,9.45,9.98,1,1,0
180,6,0,2,acoustic,low,3.38,0,1.7,8.24,0,1,0
122,7,1,0,jazz,medium,1.11,1,9.72,3.44,1,0,0
149,3,0,0,acoustic,low,0.76,1,9.46,4.26,1,0,0
118,18,0,4,jazz,low,4.09,1,3.74,2.59,0,0,1
135,5,1,1,jazz,medium,0.51,1,9.83,7.67,1,1,0
142,15,0,1,pop,medium,3.33,1,0.36,3.81,0,0,1
125,11,1,0,pop,low,2.83,1,6.61,7.55,0,1,0
167,4,0,3,acoustic,medium,4.23,0,2.66,0.18,0,0,0
90,4,0,2,acoustic,medium,2.96,0,1.29,1.36,0,0,0
141,16,1,2,electronic,low,4.8,1,5.78,3.65,0,0,1
156,7,0,1,orchestral,medium,2.8,0,3.06,1.09,0,0,0
177,18,0,2,orchestral,low,4.15,0,6.67,6.01,0,0,0
104,13,1,0,acoustic,medium,1.5,1,5.4,0.51,0,0,0
150,12,0,2,pop,high,0.7,0,3.93,8.6,0,0,0
131,5,1,2,electronic,medium,2.97,0,1.82,7.61,0,1,0
83,7,0,2,orchestral,high,1.6,1,6.01,2.16,0,0,0
138,2,1,2,acoustic,low,2.94,1,8.29,4.84,1,0,0
151,17,1,2,pop,medium,2.59,0,6.0,4.52,0,0,0
99,16,1,2,pop,medium,3.61,0,6.11,7.25,0,1,0
172,18,0,0,pop,medium,1.94,1,5.12,4.02,0,0,0
142,9,1,1,jazz,high,3.42,0,3.88,0.33,0,0,0
133,13,1,1,pop,medium,3.86,1,4.57,2.74,0,0,1
153,11,1,3,acoustic,medium,2.79,0,9.9,4.66,1,0,0
177,16,0,1,electronic,low,3.48,0,7.5,9.74,1,1,0
136,10,1,5,acoustic,low,2.02,0,4.31,8.81,0,1,0
169,3,1,3,pop,medium,2.62,1,4.57,1.81,0,0,0
120,6,0,3,electronic,medium,1.66,1,5.0,7.23,0,1,0
82,7,0,2,orchestral,high,5.34,0,6.59,9.37,0,0,0
85,8,1,1,orchestral,low,4.23,0,4.66,0.09,0,0,0
84,2,0,3,acoustic,low,4.66,0,6.86,7.21,0,1,0
84,8,1,2,electronic,medium,4.21,1,3.29,4.59,0,0,1
133,13,1,0,acoustic,high,2.34,0,4.11,6.8,0,0,0
126,17,1,3,electronic,high,1.47,0,8.64,6.06,1,0,0
166,17,0,1,electronic,low,2.58,0,3.29,9.85,0,1,0
128,12,0,1,acoustic,low,3.48,1,9.64,2.89,1,0,1
88,5,1,2,electronic,medium,2.71,1,1.73,7.86,0,1,0
178,14,0,1,pop,low,0.77,1,2.42,2.35,0,0,0
99,8,1,0,electronic,high,3.75,0,4.64,4.36,0,0,0
140,5,0,3,electronic,medium,1.4,0,7.97,9.75,1,1,0
114,16,0,3,acoustic,low,2.58,0,7.32,7.66,1,0,0
129,20,0,3,orchestral,low,4.74,0,1.74,3.16,0,0,0
161,10,0,1,jazz,low,3.05,1,2.37,6.19,0,0,1
141,12,1,2,electronic,high,4.08,0,5.75,0.5,0,0,0
96,9,0,0,jazz,low,3.35,0,2.95,2.66,0,0,0
167,2,0,1,electronic,low,1.99,1,4.22,7.18,0,1,0
82,9,0,1,acoustic,high,3.73,1,4.87,5.7,0,0,1
111,14,0,1,acoustic,low,2.94,1,5.94,4.7,0,0,0
178,5,0,1,electronic,medium,1.51,1,2.51,6.91,0,0,0
92,9,1,0,acoustic,low,1.35,1,1.63,3.98,0,0,0
168,4,0,4,acoustic,medium,3.38,1,3.99,0.26,0,0,0
152,10,0,3,electronic,low,5.14,1,0.82,4.41,0,0,0
147,3,0,3,orchestral,low,1.92,0,5.27,9.02,0,1,0
93,3,1,5,electronic,medium,2.04,0,8.4,8.57,1,1,0
180,14,0,3,orchestral,low,3.4,1,1.19,4.09,0,0,1
177,16,0,3,acoustic,medium,1.69,1,1.13,0.22,0,0,0
90,13,1,2,orchestral,low,5.35,1,0.8,6.36,0,0,1
135,5,0,1,acoustic,medium,2.13,1,8.48,7.41,1,1,0
146,9,0,1,orchestral,high,2.5,0,0.81,2.94,0,0,0
171,10,0,2,orchestral,low,2.2,1,9.83,4.77,1,0,0
108,6,1,0,electronic,low,3.93,1,3.58,9.92,0,1,1
88,19,0,2,orchestral,high,5.16,1,3.29,5.76,0,0,1
146,12,1,4,acoustic,medium,2.3,0,0.92,3.51,0,0,0
104,16,1,2,electronic,low,3.87,0,5.86,6.27,0,0,0
177,10,0,3,orchestral,medium,1.69,0,5.86,1.8,0,0,0
155,18,0,0,electronic,low,3.96,0,4.94,1.99,0,0,0
121,13,0,0,jazz,low,4.76,0,3.11,9.25,0,1,0
88,8,1,2,electronic,high,4.45,1,3.69,2.39,0,0,1
158,11,0,3,jazz,medium,3.13,0,3.21,3.11,0,0,0
119,11,0,2,jazz,medium,1.97,1,4.26,5.44,0,0,0
104,14,0,0,electronic,low,3.0,1,3.42,9.0,0,1,0
84,20,1,1,acoustic,low,2.69,1,6.76,7.81,0,1,0
90,12,0,1,acoustic,high,2.55,1,2.96,0.44,0,0,0
138,14,1,2,acoustic,low,3.21,1,3.51,6.93,0,0,0
177,9,0,1,pop,low,2.93,1,4.35,5.04,0,0,0
167,9,0,1,jazz,low,3.71,0,0.04,4.76,0,0,0
158,5,0,2,electronic,medium,3.71,1,4.92,6.92,0,0,1
117,16,0,2,acoustic,low,2.94,0,2.56,1.96,0,0,0
151,12,0,1,acoustic,low,3.43,1,0.56,9.81,0,1,0
84,12,0,0,electronic,high,4.32,0,9.11,6.45,1,0,0
127,2,1,1,jazz,medium,2.47,0,3.22,3.66,0,0,0
169,18,1,2,electronic,low,3.02,0,4.26,6.0,0,0,0
97,16,1,2,pop,medium,1.97,1,8.27,2.16,1,0,0
149,7,0,1,pop,low,3.48,0,1.67,6.34,0,0,0
116,16,0,0,electronic,medium,3.2,1,8.5,0.28,1,0,1
139,10,0,3,jazz,medium,3.46,1,2.42,3.41,0,0,1
127,15,1,4,acoustic,low,2.01,0,5.89,7.48,0,1,0
156,19,1,0,pop,low,3.77,1,6.86,8.08,0,1,1
107,18,0,2,pop,medium,3.1,0,9.05,2.53,1,0,0
148,19,0,6,jazz,high,4.03,1,6.08,5.39,0,0,1
156,6,0,1,pop,medium,2.56,1,4.53,5.28,0,0,0
160,10,0,3,pop,low,3.68,0,5.72,4.21,0,0,0
119,12,0,1,jazz,low,3.45,1,2.02,2.28,0,0,1
124,2,1,0,electronic,low,4.52,1,6.89,7.03,0,1,0
175,19,1,1,acoustic,low,2.88,1,1.87,2.52,0,0,0
141,7,0,2,acoustic,medium,2.45,1,5.57,9.11,0,1,0
172,3,0,1,pop,medium,2.51,1,6.48,5.29,0,0,0
137,16,1,2,acoustic,low,1.89,0,8.99,8.7,0,1,0
146,15,0,1,electronic,low,2.5,0,4.5,2.91,0,0,0
135,6,0,3,pop,medium,0.66,0,7.75,8.07,1,1,0
119,7,0,2,acoustic,low,4.37,1,1.68,1.14,0,0,1
177,7,0,2,orchestral,high,4.93,0,1.56,7.67,0,1,0
119,19,0,3,orchestral,medium,2.85,1,5.25,3.87,0,0,0
170,15,1,0,orchestral,high,3.44,0,5.96,4.7,0,0,0
156,11,0,2,orchestral,high,3.16,0,6.32,1.67,0,0,0
112,15,0,2,orchestral,high,1.69,0,7.46,0.19,1,0,0
85,14,1,2,pop,low,4.03,1,2.95,6.66,0,0,1
167,4,0,5,jazz,high,4.18,1,6.23,5.88,0,0,1
98,7,1,2,jazz,low,1.96,0,1.88,6.22,0,0,0
159,9,1,0,pop,low,3.33,1,2.19,2.55,0,0,1
119,13,0,2,pop,medium,2.74,0,0.67,2.39,0,0,0
171,14,1,4,electronic,low,4.19,1,7.47,8.3,0,0,1
176,12,0,0,jazz,low,2.92,0,5.07,7.61,0,1,0
138,13,1,1,orchestral,low,2.94,0,2.38,3.37,0,0,0
138,2,0,3,pop,low,4.82,1,5.56,6.38,0,0,0
127,18,1,1,orchestral,medium,1.71,1,3.54,8.28,0,1,0
120,17,1,0,jazz,low,3.25,0,8.37,8.89,0,1,0
92,12,0,1,acoustic,medium,3.09,0,5.28,0.06,0,0,0
124,14,0,1,acoustic,high,2.4,1,0.3,8.13,0,0,0
168,19,1,2,pop,medium,5.04,1,9.85,3.5,1,0,1
132,12,1,0,electronic,medium,3.34,1,0.74,7.18,0,1,1
121,13,0,1,orchestral,high,3.67,1,6.96,3.71,0,0,1
179,7,1,1,pop,low,3.81,1,4.37,6.06,0,0,1
142,10,0,2,electronic,medium,2.68,0,2.49,6.47,0,0,0
106,17,0,4,orchestral,high,4.24,0,6.76,4.05,0,0,0
117,5,0,2,jazz,high,4.04,0,1.26,5.13,0,0,0
139,4,0,0,acoustic,medium,2.88,0,8.58,7.26,1,1,0
86,17,1,2,electronic,low,3.94,1,2.51,4.76,0,0,1
84,13,0,1,orchestral,high,4.24,1,3.61,0.14,0,0,1
124,12,1,1,pop,low,3.8,0,6.33,0.13,0,0,0
137,6,0,0,orchestral,low,2.16,1,0.01,6.61,0,0,0
110,19,0,1,pop,low,2.91,1,4.73,8.47,0,1,0
102,20,0,1,acoustic,medium,3.48,1,8.94,7.85,1,0,1
121,7,0,1,acoustic,medium,3.25,0,6.8,3.1,0,0,0
89,19,0,2,orchestral,high,2.25,1,3.88,4.71,0,0,0
111,7,0,1,orchestral,medium,2.71,0,6.6,2.34,0,0,0
132,5,0,1,pop,low,3.35,1,9.37,9.89,1,1,0
109,13,0,3,pop,medium,1.49,1,1.88,2.61,0,0,0
118,20,0,2,electronic,medium,3.02,0,5.32,4.16,0,0,0
110,3,0,1,electronic,medium,3.7,0,2.35,6.81,0,0,0
161,18,1,4,electronic,high,3.28,1,8.54,8.76,0,1,1
179,12,1,1,orchestral,high,2.14,0,7.21,0.51,1,0,0
81,12,0,1,electronic,medium,2.32,0,8.01,3.01,1,0,0
157,17,0,1,orchestral,low,4.49,1,9.43,5.69,1,0,0
156,3,0,0,acoustic,medium,2.06,0,2.32,6.18,0,0,0
172,3,1,1,jazz,high,4.19,0,0.49,0.7,0,0,0
91,9,0,0,acoustic,low,2.38,1,2.91,6.64,0,0,0
118,14,0,1,orchestral,high,4.13,0,3.99,5.28,0,0,0
145,11,0,1,orchestral,low,3.54,0,6.25,8.28,0,1,0
175,9,0,3,jazz,medium,2.65,1,7.98,2.22,1,0,0
92,5,0,2,pop,medium,1.23,0,3.5,1.95,0,0,0
125,16,1,0,pop,medium,3.4,1,4.73,7.93,0,0,1
106,2,0,1,pop,high,3.18,1,7.85,7.04,1,1,1
96,12,1,2,electronic,low,3.41,1,2.25,7.92,0,1,1
174,8,0,2,pop,low,3.54,0,2.17,7.82,0,1,0
177,18,0,6,electronic,medium,1.69,0,5.89,1.04,0,0,0
139,19,1,1,electronic,low,3.39,1,4.36,2.79,0,0,0
143,13,0,2,pop,medium,3.74,1,9.49,2.6,1,0,1
167,10,1,4,pop,low,3.73,1,3.57,9.35,0,1,1
114,6,0,0,jazz,low,1.75,1,7.6,4.87,1,0,0
149,11,0,0,jazz,medium,4.15,0,5.83,1.11,0,0,0
162,5,1,1,electronic,medium,3.43,0,0.55,2.9,0,0,0
109,6,0,3,jazz,low,3.56,1,0.84,8.72,0,1,0
150,11,1,0,electronic,low,2.1,1,2.03,8.47,0,1,0
153,12,0,0,orchestral,low,3.76,0,1.43,9.0,0,0,0
175,11,1,1,electronic,medium,1.28,1,3.29,3.89,0,0,0
177,9,0,0,electronic,low,2.15,0,5.79,6.41,0,0,0
142,3,0,1,jazz,medium,4.27,0,6.02,2.78,0,0,0
107,9,1,2,orchestral,medium,3.71,0,5.88,1.81,0,0,0
139,17,1,2,acoustic,medium,3.29,1,1.18,0.22,0,0,1
158,6,1,2,acoustic,low,3.94,1,6.0,2.23,0,0,1
173,4,1,2,acoustic,medium,4.01,1,4.1,6.04,0,0,1
116,13,1,0,orchestral,high,3.76,1,9.03,9.04,0,1,1
172,14,0,1,pop,low,2.78,0,9.12,1.33,1,0,0
101,14,0,0,orchestral,low,2.12,1,7.68,9.18,1,0,0
147,11,0,2,jazz,medium,2.34,1,7.03,3.45,1,0,0
99,5,0,2,electronic,low,4.41,1,1.15,4.27,0,0,1
175,10,0,2,electronic,medium,1.72,1,0.85,3.65,0,0,0
179,3,0,1,jazz,high,3.49,0,8.41,4.09,0,0,0
147,20,0,3,jazz,medium,3.49,1,4.27,2.59,0,0,1
170,2,1,2,electronic,medium,4.47,0,4.51,6.99,0,0,0
143,8,0,2,pop,medium,3.49,0,8.48,7.58,1,1,0
96,18,0,3,pop,low,2.58,0,6.21,8.23,0,1,0
91,4,0,2,pop,low,2.59,0,1.79,3.41,0,0,0
101,4,1,0,jazz,high,2.99,0,2.11,7.65,0,1,0
96,4,1,1,electronic,high,4.13,0,0.06,6.38,0,0,0
89,18,1,1,electronic,medium,3.81,0,7.11,9.58,1,1,0
144,8,0,1,electronic,high,1.91,0,4.86,4.25,0,0,0
101,15,0,0,orchestral,low,3.28,0,9.5,9.92,1,1,0
169,18,0,0,orchestral,low,3.83,1,7.14,7.4,1,1,1
161,19,0,0,acoustic,low,2.76,1,1.03,7.76,0,0,0
129,14,0,2,orchestral,low,0.84,1,1.62,0.26,0,0,0
93,19,0,5,pop,high,2.8,1,5.02,4.97,0,0,0
143,5,0,2,pop,high,1.51,0,9.25,5.28,1,0,0
126,2,1,1,pop,high,1.36,0,2.47,0.41,0,0,0
108,19,1,2,pop,medium,4.07,0,8.26,3.12,0,0,0
155,2,0,1,acoustic,low,5.52,1,3.12,9.56,0,1,1
115,14,0,3,pop,low,4.36,1,2.7,4.26,0,0,1
178,11,0,0,jazz,low,0.5,0,9.01,1.87,1,0,0
131,12,0,0,jazz,medium,2.83,0,0.47,5.13,0,0,0
155,10,1,0,jazz,medium,2.41,1,6.61,0.34,0,0,0
86,10,0,1,orchestral,high,1.53,0,0.43,5.16,0,0,0
108,6,1,2,electronic,high,3.46,1,8.01,5.94,1,0,1
90,2,0,0,acoustic,low,2.82,1,8.29,3.58,1,0,0
112,18,1,1,jazz,low,1.84,1,8.93,7.63,0,1,0
85,3,0,0,jazz,medium,0.94,1,1.86,1.36,0,0,0
158,14,1,0,pop,low,2.39,0,1.24,8.78,0,1,0
111,10,0,2,jazz,medium,3.01,1,5.04,9.55,0,1,1
130,5,1,1,pop,medium,2.88,1,2.72,0.01,0,0,0
154,6,0,2,pop,low,4.06,1,6.06,8.43,0,1,1
137,12,0,2,electronic,medium,3.34,1,5.14,5.06,0,0,1
166,20,1,1,orchestral,medium,2.66,1,1.45,4.61,0,0,0
105,4,1,1,pop,high,2.18,1,7.39,2.39,1,0,0
177,13,1,1,pop,low,1.23,0,8.04,4.47,1,0,0
125,20,1,1,electronic,high,1.91,0,9.63,9.5,1,1,0
177,20,1,0,pop,medium,4.36,0,3.96,2.11,0,0,0
108,14,0,3,acoustic,medium,3.86,1,3.38,1.79,0,0,1
83,8,0,0,orchestral,low,3.29,1,1.92,2.42,0,0,1
160,16,0,2,acoustic,medium,2.51,0,1.81,5.52,0,0,0
178,8,1,1,jazz,medium,4.24,0,3.21,9.3,0,1,0
92,9,0,5,orchestral,medium,1.99,1,9.82,5.74,1,0,0
118,6,0,1,jazz,medium,2.0,0,0.92,2.43,0,0,0
94,15,0,2,pop,medium,2.91,0,2.59,4.4,0,0,0
108,5,1,1,electronic,high,0.82,0,0.86,3.9,0,0,0
108,11,0,1,acoustic,low,1.96,0,2.74,0.47,0,0,0
154,16,0,1,jazz,high,2.76,1,0.92,5.11,0,0,0
111,19,0,1,pop,low,2.54,0,5.08,1.26,0,0,0
81,14,0,1,acoustic,high,2.01,1,4.38,8.42,0,1,0
126,9,0,0,acoustic,high,5.04,1,1.74,5.49,0,0,1
157,10,1,1,jazz,low,4.36,0,1.75,8.45,0,0,0
163,17,1,1,pop,medium,4.71,0,6.26,9.56,0,1,0
101,20,1,2,electronic,medium,2.9,1,3.87,9.43,0,0,0
154,17,0,0,jazz,low,2.51,1,0.56,1.0,0,0,0
106,8,1,2,acoustic,medium,4.6,0,9.2,9.45,1,1,0
146,15,0,2,acoustic,low,3.09,0,4.05,7.96,0,1,0
160,15,0,1,orchestral,high,1.94,0,5.91,7.78,0,1,0
135,5,1,1,pop,high,2.01,1,8.85,0.9,1,0,0
171,16,0,3,orchestral,medium,2.68,0,4.02,1.8,0,0,0
172,4,0,3,electronic,medium,2.98,0,8.21,9.75,1,1,0
100,6,1,1,jazz,medium,3.08,0,9.15,2.13,1,0,0
126,2,0,2,acoustic,low,2.82,1,1.74,1.69,0,0,0
159,4,1,0,pop,medium,5.34,0,8.92,3.62,1,0,0
180,16,0,3,acoustic,medium,1.65,1,1.2,9.13,0,1,0
138,9,1,1,orchestral,high,3.67,0,2.75,4.76,0,0,0
163,5,0,2,orchestral,medium,2.52,0,8.08,9.21,1,1,0
85,3,0,0,jazz,medium,2.96,1,9.01,3.34,0,0,0
98,11,1,1,pop,medium,3.94,1,6.84,2.27,0,0,1
136,5,0,1,pop,low,1.22,1,1.05,4.95,0,0,0
148,4,0,2,jazz,medium,2.05,1,5.23,6.15,0,0,0
82,3,0,1,orchestral,medium,2.87,0,5.73,3.91,0,0,0
80,18,0,1,orchestral,low,4.48,1,2.82,3.46,0,0,1
137,14,0,3,orchestral,medium,4.47,0,9.91,2.18,0,0,0
117,6,0,2,acoustic,medium,4.28,0,3.36,2.75,0,0,0
94,10,1,1,electronic,medium,0.81,1,2.1,6.73,0,0,0
113,7,0,3,orchestral,medium,1.95,1,1.1,3.7,0,0,0
140,6,0,2,electronic,medium,1.99,1,3.79,0.8,0,0,0
114,11,0,0,electronic,medium,2.94,1,6.93,1.38,0,0,0
143,9,0,0,pop,high,1.15,1,2.31,3.72,0,0,0
104,8,1,1,jazz,low,4.1,0,7.7,9.25,1,1,0
103,8,0,1,acoustic,high,1.01,1,1.35,3.79,0,0,0
91,7,1,1,electronic,medium,4.03,1,4.4,0.61,0,0,1
97,4,0,1,acoustic,medium,3.87,1,7.02,4.18,0,0,1
94,20,1,1,pop,medium,1.91,1,1.35,6.69,0,0,0
159,16,0,1,orchestral,low,4.26,1,5.98,5.94,0,0,1
106,5,1,3,electronic,low,2.67,1,7.99,2.79,1,0,0
151,13,0,1,jazz,medium,2.41,0,5.96,6.88,0,0,0
139,7,0,2,pop,medium,2.58,1,5.11,6.31,0,0,0
125,20,0,0,acoustic,medium,2.66,0,8.38,1.72,1,0,0
168,5,0,0,orchestral,medium,2.76,0,9.85,1.62,1,0,0
96,16,1,0,acoustic,low,2.78,0,1.81,5.47,0,0,0
172,10,0,3,jazz,low,2.11,0,6.91,6.59,0,0,0
132,6,0,2,electronic,medium,2.34,0,0.81,9.62,0,1,0
87,14,1,1,jazz,low,2.43,0,0.43,4.22,0,0,0
158,19,0,0,acoustic,medium,4.67,0,2.81,7.65,0,1,0
106,6,1,0,acoustic,low,2.43,0,9.71,1.17,1,0,0
125,17,1,2,jazz,medium,2.36,0,5.52,8.9,0,1,0
129,20,0,2,jazz,low,4.52,0,2.68,6.33,0,0,0
150,15,1,0,jazz,low,2.68,1,1.33,6.29,0,0,0
82,17,0,2,orchestral,medium,2.11,0,9.2,1.42,1,0,0
172,16,0,2,acoustic,medium,1.89,0,3.62,0.4,0,0,0
143,5,0,1,pop,low,1.58,0,3.07,7.01,0,1,0
123,8,0,1,orchestral,high,3.54,0,8.58,1.17,1,0,0
132,17,1,2,orchestral,low,1.2,1,6.04,1.27,0,0,0
103,9,1,3,orchestral,medium,4.35,0,1.69,1.88,0,0,0
139,18,0,3,pop,low,2.91,0,4.22,0.98,0,0,0
82,17,0,2,jazz,low,2.56,0,9.28,6.25,1,0,0
99,11,1,2,acoustic,medium,2.77,1,9.01,4.22,1,0,0
125,11,0,2,electronic,low,3.46,1,0.7,2.66,0,0,1
94,3,0,2,electronic,medium,2.53,0,2.69,4.41,0,0,0
104,10,0,4,acoustic,low,2.81,0,1.55,8.44,0,1,0
173,18,1,0,pop,medium,4.05,0,5.34,9.27,0,1,0
157,12,0,1,electronic,low,3.35,1,7.5,4.87,1,0,1
150,11,1,1,orchestral,low,1.75,0,2.96,5.67,0,0,0
96,18,1,0,electronic,low,2.29,0,7.58,2.57,1,0,0
163,5,0,1,acoustic,medium,1.22,0,6.69,5.14,0,0,0
179,17,0,3,orchestral,medium,3.62,0,7.28,7.48,1,1,0
88,16,1,2,electronic,high,3.72,0,9.48,4.92,1,0,0
117,6,0,0,acoustic,medium,2.07,0,4.25,3.02,0,0,0
127,7,1,3,pop,medium,5.3,0,3.43,5.82,0,0,0
139,18,1,3,acoustic,medium,5.44,0,6.84,9.47,0,1,0
